word,sentpos,wlen,firsttime,totaltime
Um,1,2,221.46666666666667,351.8
das,2,3,199.2133333333333,371.7600000000001
Vorhandensein,3,13,436.1066666666667,974.1066666666667
der,4,3,192.4266666666667,334.5866666666666
Polymerasekettenreaktion-Produkte,5,33,2250.5466666666666,4473.373333333333
feststellen,6,11,346.8133333333334,729.9466666666665
zu,7,2,71.62666666666667,91.05333333333336
können,8,6,254.41333333333324,448.6533333333332
verwendet,9,9,315.5866666666666,560.5866666666666
man,10,3,194.24,302.8666666666666
die,11,3,121.56000000000002,187.9333333333333
Gelelektrophorese,12,17,1349.3333333333335,2115.0800000000004
mit,13,3,173.7866666666667,269.78666666666663
einer,14,5,197.2266666666666,320.7333333333333
anschließenden,15,14,375.3866666666668,776.8399999999998
Behandlung,16,10,297.3866666666668,594.7066666666664
des,17,3,235.50666666666663,348.1599999999999
Gels,18,4,200.10666666666668,354.71999999999997
durch,19,5,212.79999999999995,363.17333333333346
Ethidiumbromid,20,14,1815.1466666666663,2910.5200000000004
Bei,1,3,158.0533333333333,236.93333333333334
dieser,2,6,323.1066666666668,560.2000000000003
Methode,3,7,257.6533333333334,412.50666666666655
wird,4,4,207.12,272.93333333333345
die,5,3,228.6533333333333,362.2933333333333
negative,6,8,226.51999999999987,683.3866666666668
Ladung,7,6,184.34666666666666,504.2266666666667
der,8,3,198.28000000000006,340.2
DNA-Fragmente,9,13,454.04,1171.8266666666666
genutzt,10,7,371.2400000000001,641.3466666666664
Die,1,3,199.99999999999991,337.59999999999997
DNA-Fragmente,2,13,438.96000000000004,985.8666666666668
sind,3,4,185.61333333333337,301.48
auf,4,3,184.5333333333333,278.8
Grund,5,5,183.60000000000008,298.90666666666664
der,6,3,149.90666666666672,229.12000000000003
darin,7,5,278.82666666666665,413.46666666666687
enthaltenen,8,11,298.30666666666656,484.24
Phosphatreste,9,13,1016.4000000000004,1789.4000000000008
negativ,10,7,257.1466666666666,568.5600000000002
geladen,11,7,299.6666666666667,629.4400000000003
Anlegen,1,7,364.6933333333334,924.2400000000002
eines,2,5,262.7066666666666,603.213333333333
elektrischen,3,12,343.37333333333333,747.5466666666669
Feldes,4,6,250.61333333333343,438.94666666666666
lässt,5,5,225.86666666666665,411.93333333333345
die,6,3,112.29333333333332,164.78666666666663
Polymerasekettenreaktion-Produkte,7,33,1571.3066666666668,2615.7599999999993
durch,8,5,261.25333333333333,423.71999999999986
ein,9,3,139.6266666666667,245.9600000000001
gelartiges,10,10,404.4666666666665,1107.5066666666671
Medium,11,6,250.1866666666666,516.9333333333333
zumeist,12,7,316.94666666666666,651.9466666666667
Agarose,13,7,553.1466666666668,1141.8400000000001
wandern,14,7,368.30666666666673,620.0133333333334
Die,1,3,195.06666666666663,335.94666666666683
DNA-Fragmente,2,13,464.11999999999983,1070.2399999999998
wandern,3,7,273.84000000000003,466.30666666666673
durch,4,5,205.76000000000002,331.90666666666664
das,5,3,145.54666666666665,206.77333333333328
Agarose-Sieb,6,12,785.6800000000003,1408.2933333333337
vom,7,3,193.94666666666663,294.50666666666666
Minuspol,8,8,446.8266666666667,886.2800000000002
zum,9,3,186.65333333333336,395.68000000000006
Pluspol,10,7,303.6666666666667,765.7333333333335
Kleinere,1,8,442.7733333333334,927.0666666666666
Fragmente,2,9,286.18666666666667,584.5333333333334
wandern,3,7,264.97333333333336,476.3866666666668
schneller,4,9,298.52000000000004,514.96
durch,5,5,192.73333333333338,322.74666666666656
das,6,3,110.14666666666666,178.88000000000005
Agarose-Sieb,7,12,589.84,1101.4133333333332
daher,8,5,249.7066666666666,392.17333333333323
befinden,9,8,268.79999999999995,466.22666666666686
sie,10,3,155.13333333333335,269.8
sich,11,4,263.4,429.5733333333334
in,12,2,88.88000000000001,117.20000000000002
der,13,3,198.46666666666664,303.6000000000001
Nähe,14,4,211.75999999999993,361.0400000000001
zum,15,3,150.71999999999997,274.4800000000001
Pluspol,16,7,204.05333333333334,507.5600000000002
des,17,3,282.12000000000006,446.45333333333343
Gels,18,4,199.84,333.2800000000001
Die,1,3,201.35999999999996,290.69333333333327
größeren,2,8,300.22666666666663,627.1866666666668
Fragmente,3,9,221.95999999999995,394.03999999999996
wandern,4,7,266.88,412.3333333333333
langsamer,5,9,281.06666666666666,441.33333333333326
und,6,3,62.45333333333333,76.70666666666668
bleiben,7,7,261.82666666666665,439.7333333333331
in,8,2,74.46666666666667,87.85333333333331
der,9,3,165.09333333333336,228.48000000000005
Nähe,10,4,180.22666666666663,283.79999999999995
zum,11,3,168.2133333333333,277.0266666666667
Minuspol,12,8,273.6533333333333,515.1066666666667
Um,1,2,230.3466666666667,382.5600000000002
DNA-Fragmente,2,13,496.7600000000001,1048.5733333333335
sichtbar,3,8,266.0666666666667,482.5733333333333
zu,4,2,97.28000000000002,122.05333333333331
machen,5,6,175.87999999999997,259.49333333333334
behandelt,6,9,280.66666666666663,541.6800000000001
man,7,3,167.02666666666664,256.28000000000003
das,8,3,178.92000000000002,269.7866666666667
Gel,9,3,138.54666666666668,185.42666666666662
mit,10,3,121.29333333333335,165.3066666666667
einer,11,5,199.55999999999995,318.79999999999995
wässrigen,12,9,297.25333333333316,564.9866666666668
Lösung,13,6,215.17333333333326,362.24000000000007
von,14,3,148.35999999999999,213.09333333333333
Ethidiumbromid,15,14,915.7600000000001,1889.4800000000002
Das,1,3,254.29333333333335,384.6666666666665
Molekül,2,7,375.5600000000003,691.1333333333333
des,3,3,204.01333333333324,350.00000000000006
Ethidiumbromids,4,15,374.33333333333337,952.52
ist,5,3,196.82666666666663,324.28
planar,6,6,312.23999999999995,497.29333333333335
und,7,3,98.71999999999997,143.98666666666668
kann,8,4,233.52000000000004,343.50666666666666
sich,9,4,184.67999999999998,309.24
zwischen,10,8,246.44000000000005,440.9066666666668
den,11,3,123.85333333333332,174.3066666666667
Basen,12,5,263.78666666666663,501.7599999999998
der,13,3,130.38666666666666,199.41333333333333
DNA-Fragmente,14,13,403.73333333333346,973.3066666666663
einlagern,15,9,370.7866666666667,720.6400000000001
Nur,1,3,239.76000000000008,386.88000000000005
nach,2,4,199.01333333333335,328.17333333333335
dem,3,3,254.06666666666675,390.52000000000015
Entstehen,4,9,224.09333333333328,643.0133333333333
eines,5,5,218.65333333333334,425.5200000000001
solchen,6,7,195.93333333333337,382.0666666666666
Komplexes,7,9,276.28000000000003,468.16000000000014
und,8,3,116.55999999999997,173.0666666666666
durch,9,5,249.74666666666656,408.19999999999993
das,10,3,130.65333333333336,166.86666666666667
Beleuchten,11,10,296.7066666666666,550.1866666666666
mit,12,3,153.33333333333331,213.96
UV-Licht,13,8,272.9733333333333,494.5333333333336
kann,14,4,159.83999999999997,198.32000000000005
man,15,3,177.7466666666666,244.01333333333326
die,16,3,118.73333333333333,151.97333333333341
Polymerasekettenreaktion-Produkte,17,33,1370.9466666666665,2002.6933333333327
in,18,2,157.2533333333333,204.81333333333333
Form,19,4,162.54666666666668,235.98666666666662
von,20,3,149.06666666666663,207.26666666666662
Banden,21,6,228.84000000000006,440.5733333333332
sehen,22,5,254.25333333333333,462.5333333333332
und,23,3,83.18666666666665,100.07999999999997
fotografieren,24,13,374.8666666666667,632.8133333333335
In,1,2,185.35999999999999,324.2
der,2,3,218.72,467.2400000000001
homologen,3,9,341.1466666666666,1056.2666666666664
Rekombinationsreparatur,4,23,1016.4266666666667,2525.2266666666674
veranlasst,5,10,417.84000000000003,1179.6799999999998
RecA,6,4,582.7333333333333,1549.4
in,7,2,203.42666666666662,421.5333333333333
Verbindung,8,10,303.2933333333333,827.2133333333331
mit,9,3,173.54666666666668,301.5333333333333
einer,10,5,235.2,545.1333333333332
Reihe,11,5,209.22666666666657,436.9466666666668
weiterer,12,8,302.38666666666677,773.7066666666669
Proteine,13,8,372.01333333333355,772.5333333333335
die,14,3,213.11999999999995,397.7733333333333
Auflösung,15,9,392.84000000000003,1231.04
der,16,3,174.5066666666667,571.6533333333332
angehaltenen,17,12,411.48,1783.8533333333335
Replikationsgabel,18,17,1008.6933333333334,2913.2133333333322
Kommt,1,5,253.05333333333334,630.92
der,2,3,161.1599999999999,305.2933333333333
Replikationskomplex,3,19,691.5333333333334,1932.5466666666666
an,4,2,160.56,217.2133333333333
eine,5,4,252.4266666666666,601.1733333333336
schadhafte,6,10,450.31999999999994,1031.4266666666665
DNA-Stelle,7,10,506.73333333333346,1012.8399999999997
löst,8,4,255.78666666666672,450.29333333333335
er,9,2,188.10666666666668,322.38666666666666
sich,10,4,235.25333333333327,539.48
und,11,3,125.3466666666667,266.24
überspringt,12,11,256.34666666666664,884.586666666667
den,13,3,245.05333333333337,427.7866666666667
Schaden,14,7,219.51999999999998,381.45333333333343
um,15,2,161.22666666666666,288.5733333333332
an,16,2,224.67999999999998,408.4399999999999
anderer,17,7,252.4000000000001,553.6533333333332
Stelle,18,6,162.76,282.0666666666666
fortzufahren,19,12,408.53333333333353,768.4533333333335
Es,1,2,163.82666666666665,219.74666666666664
entsteht,2,8,305.61333333333334,587.2933333333333
eine,3,4,175.40000000000003,278.82666666666665
Replikationslücke,4,17,735.3866666666664,1492.9733333333334
im,5,2,170.54666666666674,236.90666666666672
Tochterstrang,6,13,787.4266666666663,1278.0133333333338
die,7,3,218.94666666666663,475.22666666666663
über,8,4,186.6399999999999,416.7733333333335
800,9,3,206.1066666666666,345.71999999999986
Basen,10,5,243.43999999999994,407.60000000000014
umfassen,11,8,314.58666666666664,625.4533333333334
kann,12,4,189.50666666666663,301.77333333333337
Bei,1,3,181.81333333333336,315.0399999999999
der,2,3,163.42666666666662,302.21333333333325
rekombinatorischen,3,18,865.7600000000002,2041.253333333333
Reparatur,4,9,364.08000000000004,847.6666666666667
bindet,5,6,265.8266666666667,816.0133333333332
das,6,3,196.8933333333333,414.28000000000003
RecA-Protein,7,12,641.2666666666667,1584.1333333333337
an,8,2,222.64,454.93333333333334
die,9,3,208.4533333333333,541.8400000000001
Einzelstrang-DNA-Enden,10,22,352.88000000000017,2831.9599999999996
links,11,5,268.12000000000006,609.0933333333336
und,12,3,85.70666666666669,107.66666666666671
rechts,13,6,237.25333333333336,579.5733333333332
der,14,3,158.4666666666666,323.10666666666674
Replikationslücke,15,17,513.4666666666665,1664.2400000000002
und,16,3,110.41333333333334,162.19999999999996
sucht,17,5,284.36,589.0266666666665
die,18,3,123.77333333333333,208.90666666666667
Schwesterchromatide,19,19,1009.9599999999996,2275.9066666666663
oder,20,4,315.3199999999998,676.0666666666668
das,21,3,143.61333333333334,233.12000000000003
homologe,22,8,389.2,938.1066666666666
Chromosom,23,9,243.87999999999994,938.9599999999998
nach,24,4,237.3733333333333,562.4133333333331
homologen,25,9,280.84000000000003,1006.6266666666667
Sequenzen,26,9,367.85333333333335,950.7466666666666
ab,27,2,152.39999999999995,258.2266666666667
Ist,1,3,225.10666666666663,391.76
eine,2,4,237.69333333333336,491.4533333333334
solche,3,6,218.02666666666656,440.4266666666666
Stelle,4,6,179.94666666666672,322.84000000000003
gefunden,5,8,248.56,466.32
dringt,6,6,269.9599999999999,524.0533333333335
der,7,3,189.21333333333337,278.5466666666666
Komplex,8,7,228.66666666666674,524.3066666666667
in,9,2,192.70666666666673,288.5066666666667
die,10,3,125.75999999999998,207.41333333333336
Doppelhelix,11,11,690.6800000000002,1195.1333333333337
ein,12,3,169.30666666666664,345.94666666666683
verdrängt,13,9,341.24000000000007,906.5733333333334
den,14,3,219.13333333333333,506.05333333333334
homologen,15,9,257.23999999999995,1114.133333333333
und,16,3,146.72000000000006,267.5999999999999
bindet,17,6,317.73333333333335,1044.253333333333
den,18,3,193.62666666666672,369.97333333333324
komplementären,19,14,472.94666666666683,1606.7466666666664
Strang,20,6,273.00000000000006,590.6
Dieser,1,6,310.1066666666667,672.1199999999998
dient,2,5,279.7466666666666,526.6399999999999
dann,3,4,226.5066666666666,441.5999999999999
als,4,3,203.0933333333334,425.4666666666667
Matrize,5,7,333.81333333333333,563.6
zum,6,3,244.50666666666666,396.6133333333333
Auffüllen,7,9,281.89333333333326,788.2666666666665
der,8,3,164.48000000000005,274.7066666666667
Replikationslücke,9,17,484.5066666666668,1508.7333333333333
Der,1,3,203.25333333333333,526.9999999999999
verdrängte,2,10,365.98666666666685,1292.0133333333338
Strang,3,6,250.97333333333336,754.4399999999998
paart,4,5,281.21333333333337,718.4400000000002
sich,5,4,195.4266666666667,400.87999999999994
mit,6,3,210.1866666666667,420.01333333333343
dem,7,3,196.73333333333335,391.3733333333334
Strang,8,6,231.92000000000002,522.6533333333334
der,9,3,219.16,474.6666666666667
den,10,3,296.26666666666665,633.4666666666668
DNA-Schaden,11,11,373.63999999999993,859.0133333333334
aufweist,12,8,481.8533333333333,962.7999999999997
Durch,1,5,211.24000000000012,672.1066666666667
Endonuklease-Schnitte,2,21,869.0133333333332,2762.119999999999
und,3,3,121.17333333333339,200.98666666666668
anschließende,4,13,421.97333333333336,936.7333333333331
Ligation,5,8,558.2399999999998,1138.066666666667
bilden,6,6,293.50666666666666,651.1066666666667
sich,7,4,169.71999999999997,256.14666666666665
letztendlich,8,12,365.74666666666667,760.2800000000003
wieder,9,6,237.7733333333334,483.9599999999998
zwei,10,4,207.49333333333334,328.70666666666654
komplette,11,9,236.44000000000005,440.1200000000001
Doppelhelices,12,13,923.1066666666665,1569.493333333333
aus,13,3,214.9466666666667,411.1466666666668
Zu,1,2,181.70666666666668,276.6000000000001
beachten,2,8,280.29333333333335,587.9866666666666
ist,3,3,134.73333333333335,254.72
dass,4,4,175.86666666666662,285.68000000000006
der,5,3,162.09333333333328,270.3199999999999
ursprüngliche,6,13,326.73333333333335,772.186666666667
DNA-Schaden,7,11,392.3333333333336,795.0133333333333
bei,8,3,131.89333333333332,197.58666666666664
dieser,9,6,254.51999999999998,457.5466666666666
Reparatur,10,9,226.81333333333345,406.81333333333333
nicht,11,5,198.53333333333327,341.63999999999993
behoben,12,7,314.34666666666664,596.8399999999999
wird,13,4,197.13333333333333,278.64000000000004
sondern,14,7,286.5333333333333,451.80000000000007
nur,15,3,130.96000000000004,293.1866666666667
die,16,3,162.88000000000002,282.4933333333333
Lücke,17,5,187.86666666666665,406.8666666666668
im,18,2,180.00000000000006,251.06666666666666
Tochterstrang,19,13,452.72,994.7333333333335
In,1,2,257.97333333333324,442.9333333333334
Hefen,2,5,298.18666666666667,622.9733333333335
und,3,3,87.25333333333333,129.92
höheren,4,7,292.0266666666666,601.92
Eukaryoten,5,10,429.5999999999998,697.1466666666665
ist,6,3,129.88,159.73333333333338
dieses,7,6,255.73333333333326,382.5733333333333
System,8,6,186.38666666666663,273.54666666666674
in,9,2,85.58666666666667,119.00000000000001
ähnlicher,10,9,319.2000000000001,497.3999999999999
Form,11,4,105.25333333333333,137.24
ebenfalls,12,9,314.14666666666676,494.1466666666666
vorhanden,13,9,253.58666666666664,478.5333333333334
Wurzeln,1,7,369.05333333333334,599.5066666666667
entziehen,2,9,357.49333333333334,668.2
dem,3,3,237.46666666666664,365.32
Boden,4,5,204.32,333.8666666666667
Wasser,5,6,202.20000000000002,281.48
aber,6,4,228.5733333333333,340.64
sie,7,3,187.86666666666662,257.53333333333325
nehmen,8,6,203.2266666666667,297.00000000000006
auch,9,4,178.01333333333335,243.8133333333334
essenzielle,10,11,396.33333333333314,690.1733333333333
Mineralstoffe,11,13,357.26666666666665,689.6933333333332
auf,12,3,211.18666666666667,280.42666666666673
Böden,1,5,263.81333333333333,541.1999999999999
sind,2,4,196.56000000000003,352.08000000000004
heterogen,3,9,509.4000000000001,877.4133333333333
und,4,3,167.22666666666674,267.53333333333336
weisen,5,6,274.00000000000006,683.7333333333331
Unterschiede,6,12,260.34666666666675,848.9733333333332
auf,7,3,207.81333333333342,402.05333333333346
kleinem,8,7,300.1333333333334,873.1466666666671
Raum,9,4,201.52000000000004,365.20000000000005
auf,10,3,193.31999999999994,336.0
Wurzeln,1,7,324.40000000000003,656.9199999999998
die,2,3,190.41333333333327,254.6133333333333
durch,3,5,240.30666666666664,489.65333333333353
den,4,3,184.06666666666666,256.21333333333325
Boden,5,5,178.72000000000003,302.2533333333333
wachsen,6,7,305.10666666666657,512.04
können,7,6,240.98666666666674,455.1866666666665
auf,8,3,167.75999999999993,249.22666666666663
Regionen,9,8,307.42666666666656,502.8933333333334
treffen,10,7,347.31999999999994,561.7733333333332
die,11,3,167.8133333333333,296.5733333333334
sich,12,4,202.88000000000002,371.54666666666674
im,13,2,155.42666666666668,231.33333333333337
Wasser-,14,7,175.20000000000002,299.6133333333334
und,15,3,66.78666666666666,92.61333333333333
Mineralstoffgehalt,16,18,563.1199999999999,1058.8933333333339
unterscheiden,17,13,403.4133333333334,692.4666666666665
In,1,2,93.49333333333334,127.50666666666666
den,2,3,252.69333333333338,446.2533333333334
besser,3,6,227.1466666666667,524.7866666666665
versorgten,4,10,336.63999999999993,778.3599999999997
Regionen,5,8,308.3466666666666,556.186666666667
sind,6,4,156.06666666666675,245.60000000000005
Wurzeln,7,7,305.6933333333333,562.7066666666665
oft,8,3,163.58666666666664,327.0533333333334
stark,9,5,200.89333333333337,457.5733333333333
verzweigt,10,9,398.3333333333333,803.3333333333334
Für,1,3,241.1200000000001,429.4399999999998
die,2,3,188.47999999999996,325.28
Aufnahme,3,8,257.18666666666667,614.8933333333335
mineralischer,4,13,449.92000000000013,979.4266666666668
Nährstoffe,5,10,271.0,570.7866666666665
ist,6,3,181.79999999999998,297.2133333333333
die,7,3,165.7733333333333,266.15999999999997
Wurzelarchitektur,8,17,743.4133333333333,1351.32
von,9,3,188.37333333333333,283.08000000000004
ganz,10,4,124.42666666666668,204.44
besonderer,11,10,356.68,609.6933333333336
Bedeutung,12,9,207.92000000000002,414.3466666666668
weil,13,4,209.97333333333347,399.67999999999995
sich,14,4,164.8133333333334,308.1599999999999
unterschiedliche,15,16,367.44,883.5199999999999
Mineralstoffe,16,13,379.1733333333331,862.7599999999999
ganz,17,4,189.38666666666668,309.98666666666674
verschieden,18,11,304.73333333333335,648.7866666666664
verhalten,19,9,340.8933333333333,696.0799999999998
und,20,3,92.30666666666666,140.16
durch,21,5,218.6933333333334,352.1200000000001
verschiedenartige,22,17,636.5866666666666,1136.1200000000001
Kräfte,23,6,237.17333333333337,505.12000000000006
im,24,2,143.44,218.94666666666666
Boden,25,5,179.77333333333337,328.2133333333333
gehalten,26,8,285.02666666666664,609.5733333333334
werden,27,6,194.22666666666672,339.44
Nitrationen,1,11,786.5466666666666,2291.426666666667
diffundieren,2,12,473.24000000000007,1298.2266666666665
schnell,3,7,270.82666666666665,674.4933333333337
im,4,2,122.52000000000001,209.65333333333325
Bodenwasser,5,11,552.5733333333333,1230.1999999999998
Stark,1,5,318.35999999999996,633.76
transpirierende,2,15,922.8000000000001,2082.68
Pflanzen,3,8,249.2533333333333,643.5600000000001
können,4,6,247.37333333333336,690.3199999999998
Nitrat,5,6,265.98666666666657,686.813333333333
schneller,6,9,249.94666666666674,790.9600000000002
zur,7,3,184.2,403.02666666666664
Wurzeloberfläche,8,16,477.88000000000005,1776.7733333333329
transportieren,9,14,384.9733333333333,1101.8666666666672
als,10,3,170.76000000000002,300.7866666666668
sie,11,3,246.83999999999997,476.5733333333334
es,12,2,205.3733333333333,336.5466666666665
im,13,2,144.52,232.16000000000003
Pflanzenkörper,14,14,510.67999999999995,1055.6266666666666
anreichern,15,10,427.49333333333345,1029.9333333333334
können,16,6,256.9066666666666,553.1999999999999
Andere,1,6,290.4,812.6533333333331
essenzielle,2,11,342.55999999999983,836.8400000000003
Mineralstoffe,3,13,370.29333333333335,800.8933333333334
wie,4,3,182.12,270.61333333333334
Phosphat,5,8,311.19999999999993,640.0933333333334
sind,6,4,147.73333333333332,240.0533333333334
jedoch,7,6,293.1866666666667,568.24
fest,8,4,211.16000000000003,342.62666666666655
im,9,2,168.7466666666667,245.77333333333337
Boden,10,5,130.6266666666667,245.50666666666666
gebunden,11,8,377.94666666666654,647.3466666666665
sie,12,3,161.55999999999997,351.73333333333335
haben,13,5,220.44000000000005,440.39999999999986
niedrige,14,8,270.8133333333334,537.4
Diffusionskoeffizienten,15,23,947.72,1892.4800000000002
Die,1,3,208.01333333333326,394.02666666666664
Phosphatverarmungszonen,2,23,1179.3466666666666,3522.5466666666657
von,3,3,170.66666666666669,363.49333333333345
zwei,4,4,290.2933333333334,806.7733333333332
Wurzeln,5,7,288.82666666666665,686.5866666666669
die,6,3,220.94666666666666,465.4266666666665
sehr,7,4,176.3333333333334,304.8399999999999
nah,8,3,224.42666666666668,409.88
beieinander,9,11,264.25333333333333,897.5066666666667
sind,10,4,191.69333333333338,420.5866666666665
überlappen,11,10,279.76000000000005,805.72
sich,12,4,206.36000000000004,451.1333333333334
kaum,13,4,215.3333333333333,500.04
und,14,3,168.12000000000003,381.3066666666667
ein,15,3,274.74666666666656,727.3333333333331
reich,16,5,212.58666666666664,605.9466666666667
verzweigtes,17,11,402.97333333333347,999.9200000000002
Wurzelsystem,18,12,314.56,829.48
erhöht,19,6,268.3866666666667,607.5733333333335
die,20,3,125.56000000000003,189.0
Phosphataufnahme,21,16,612.8399999999999,1281.0666666666666
bei,22,3,225.65333333333328,373.14666666666676
knapper,23,7,224.38666666666668,562.6133333333331
Phosphatversorgung,24,18,435.65333333333325,1442.9999999999993
daher,25,5,336.41333333333324,740.68
enorm,26,5,253.8,477.8533333333334
Ein,1,3,231.0933333333334,471.53333333333325
extensiv,2,8,380.52,1551.1066666666666
ausgebildetes,3,13,435.85333333333335,1679.3200000000006
Wurzelsystem,4,12,336.97333333333324,1070.2533333333329
mit,5,3,144.7733333333333,251.99999999999997
größeren,6,8,333.8133333333335,995.4133333333334
Zwischenräumen,7,14,456.8933333333335,1122.88
dagegen,8,7,305.9066666666668,663.3599999999999
kann,9,4,161.68000000000006,457.86666666666645
die,10,3,130.01333333333326,283.7466666666667
Nitrataufnahme,11,14,413.16,1281.0266666666669
maximieren,12,10,475.33333333333337,813.1600000000002
Motormoleküle,1,13,994.8266666666666,2429.3066666666664
sind,2,4,256.72,673.88
Enzyme,3,6,286.73333333333335,735.3866666666662
welche,4,6,297.58666666666664,749.773333333333
die,5,3,188.95999999999995,378.5466666666667
Energie,6,7,244.3866666666667,675.3599999999999
aus,7,3,178.3466666666666,422.57333333333344
der,8,3,199.60000000000002,424.74666666666667
Hydrolyse,9,9,524.5733333333333,1510.92
von,10,3,255.23999999999995,603.8133333333334
ATP,11,3,336.84000000000015,747.7866666666666
in,12,2,156.82666666666668,291.0533333333333
mechanische,13,11,359.82666666666654,1055.5600000000002
Energie,14,7,243.85333333333344,655.4266666666667
umwandeln,15,9,376.0533333333333,876.3600000000002
Dabei,1,5,304.2533333333333,527.2800000000001
induzieren,2,10,460.12,944.6666666666665
sie,3,3,210.72000000000006,415.36
eine,4,4,207.83999999999992,393.7733333333334
Konformationsänderung,5,21,1155.24,2569.879999999999
die,6,3,265.9200000000001,499.41333333333324
einen,7,5,244.26666666666662,555.4533333333334
Transport,8,9,317.7466666666668,637.1466666666664
auf,9,3,170.26666666666674,310.6666666666667
den,10,3,214.81333333333336,450.2
Gleisen,11,7,329.57333333333327,801.5333333333331
ermöglicht,12,10,449.5599999999999,931.3866666666667
Die,1,3,233.11999999999998,433.5200000000001
Gleise,2,6,269.88000000000005,514.3999999999999
können,3,6,308.0000000000001,584.6266666666666
Mikrotubuli,4,11,434.3599999999999,1853.9866666666662
oder,5,4,213.44000000000005,383.8933333333333
Aktinfilamente,6,14,669.4133333333338,1868.0133333333335
sein,7,4,220.10666666666665,471.0399999999999
Aktinbindende,1,13,811.5866666666667,2215.3866666666677
Motorproteine,2,13,626.8133333333334,1785.84
sind,3,4,237.48000000000002,642.7866666666667
die,4,3,223.83999999999997,528.8133333333333
Myosine,5,7,518.6666666666667,1570.1333333333334
von,6,3,211.31999999999996,452.02666666666664
denen,7,5,306.7466666666666,777.3066666666668
in,8,2,115.57333333333334,179.09333333333333
Eukaryoten,9,10,762.6800000000002,1465.653333333333
siebzehn,10,8,302.64000000000004,992.7466666666664
Familien,11,8,291.1333333333332,666.7066666666666
vorkommen,12,9,340.4666666666667,709.1866666666666
Eine,1,4,233.92,658.1466666666666
schwere,2,7,293.62666666666667,951.1866666666663
Kette,3,5,221.03999999999994,533.4133333333335
ist,4,3,202.16000000000003,453.53333333333313
an,5,2,205.10666666666674,396.6799999999999
der,6,3,203.84,373.6533333333333
Ausbildung,7,10,301.54666666666674,844.2266666666668
einer,8,5,269.2666666666667,643.1066666666668
Schwanz-,9,8,311.09333333333336,749.4800000000001
und,10,3,101.70666666666668,160.70666666666665
einer,11,5,262.29333333333335,466.2400000000003
Kopfregion,12,10,608.9733333333332,1106.1066666666666
beteiligt,13,9,324.8799999999999,833.3733333333333
welche,14,6,292.81333333333333,625.9066666666666
die,15,3,143.32000000000008,215.0133333333334
Motordomäne,16,11,695.3866666666668,1641.626666666666
bildet,17,6,308.02666666666653,711.8266666666668
Der,1,3,220.05333333333334,438.1466666666666
Kopf,2,4,194.20000000000002,501.56000000000006
besitzt,3,7,274.3866666666667,701.9599999999997
eine,4,4,250.08000000000007,517.5733333333334
Aktin-,5,6,292.22666666666663,858.8666666666669
und,6,3,102.85333333333337,131.82666666666668
eine,7,4,250.62666666666672,522.2133333333331
ATP-Bindungsstelle,8,18,796.1600000000001,2063.32
Im,1,2,224.81333333333336,325.0266666666667
Übergangsbereich,2,16,584.4400000000003,1561.5066666666676
von,3,3,212.9466666666667,392.4266666666666
Kopf,4,4,152.23999999999992,291.6000000000001
zu,5,2,163.81333333333333,270.88
Schwanz,6,7,230.68,531.2533333333334
können,7,6,233.85333333333338,441.6933333333335
unterschiedliche,8,16,312.49333333333334,866.7066666666667
leichte,9,7,305.3333333333332,766.2799999999999
Ketten,10,6,251.3066666666666,575.4133333333333
binden,11,6,294.8400000000001,693.4933333333333
und,12,3,108.05333333333333,183.81333333333336
auf,13,3,242.14666666666665,395.2666666666667
diese,14,5,278.3066666666666,481.4400000000001
Weise,15,5,188.49333333333334,327.5866666666667
an,16,2,102.70666666666665,135.23999999999998
der,17,3,208.54666666666665,344.0666666666667
Regulation,18,10,269.7466666666667,803.5199999999999
von,19,3,175.9066666666667,360.52000000000027
Myosin,20,6,294.9066666666667,685.6399999999998
mitwirken,21,9,366.14666666666676,813.8133333333333
In,1,2,171.93333333333334,340.29333333333324
den,2,3,266.29333333333335,557.2800000000001
nicht,3,5,219.76000000000002,571.6800000000001
muskulären,4,10,475.1200000000002,1234.8400000000004
Zellen,5,6,261.3066666666666,594.1466666666668
beispielsweise,6,14,380.8133333333333,881.3066666666663
registriert,7,11,472.68,960.5199999999999
eine,8,4,224.87999999999994,396.15999999999985
Calmodulinkette,9,15,1909.1600000000003,3479.613333333332
die,10,3,218.6800000000001,402.05333333333317
Anwesenheit,11,11,278.6933333333332,768.0666666666668
von,12,3,170.32000000000005,294.6933333333333
Calciumionen,13,12,746.88,1599.1200000000008
und,14,3,94.82666666666665,144.29333333333335
ermöglicht,15,10,325.1599999999999,764.6133333333333
die,16,3,155.44000000000005,230.3466666666667
Bindung,17,7,257.81333333333333,522.7333333333331
von,18,3,116.38666666666663,223.32000000000002
Myosin,19,6,353.39999999999986,1022.9866666666667
an,20,2,182.46666666666664,335.0666666666666
Aktin,21,5,382.47999999999996,858.8133333333334
Je,1,2,145.28,287.4666666666667
nach,2,4,306.6933333333333,568.3066666666667
Klasse,3,6,217.73333333333335,312.8399999999999
kann,4,4,291.76,564.88
der,5,3,155.89333333333335,351.5866666666669
Schwanz,6,7,206.2666666666667,634.4800000000002
an,7,2,234.53333333333325,458.34666666666664
Vesikel,8,7,306.7200000000001,935.2133333333331
anlagern,9,8,395.08,878.6666666666666
um,10,2,203.12000000000003,353.8799999999999
sie,11,3,224.76,441.4933333333335
entlang,12,7,241.69333333333338,488.8933333333333
des,13,3,125.11999999999999,215.69333333333336
Aktinfilaments,14,14,548.6533333333332,1283.386666666667
zu,15,2,83.58666666666666,98.70666666666666
ziehen,16,6,299.68,593.6266666666667
Alle,1,4,226.1466666666667,468.87999999999977
Myosine,2,7,434.8399999999999,1009.1999999999999
bis,3,3,233.70666666666665,456.9599999999999
auf,4,3,241.13333333333335,474.97333333333336
Myosin,5,6,337.86666666666656,705.1466666666666
VI,6,2,653.7066666666668,1063.92
bewegen,7,7,298.2666666666667,1087.6133333333337
sich,8,4,199.54666666666665,493.9466666666666
zum,9,3,242.07999999999998,623.2266666666668
+Ende,10,5,254.22666666666674,777.6266666666669
des,11,3,196.3733333333333,312.67999999999995
Aktinfilaments,12,14,486.9599999999999,1315.8933333333334
Myosin,1,6,360.53333333333325,895.8666666666667
II,2,2,194.62666666666664,329.76000000000005
ist,3,3,255.4666666666666,467.54666666666674
ein,4,3,220.5066666666667,400.85333333333347
Dimer,5,5,301.6933333333332,588.3466666666665
es,6,2,154.78666666666672,194.1466666666667
hat,7,3,277.8666666666668,543.0
zwei,8,4,195.06666666666663,419.5733333333333
Köpfe,9,5,209.1066666666667,360.2
und,10,3,122.14666666666666,176.36000000000004
kann,11,4,236.09333333333325,403.74666666666667
mit,12,3,170.85333333333332,228.72000000000006
seinem,13,6,285.84,445.49333333333334
Schwanz,14,7,304.24,548.7466666666667
an,15,2,147.58666666666673,311.44
ein,16,3,167.82666666666663,376.21333333333337
bipolares,17,9,375.39999999999975,962.1333333333334
Filament,18,8,349.33333333333337,790.1200000000001
binden,19,6,279.26666666666677,507.0800000000001
Es,1,2,184.65333333333334,328.21333333333337
ist,2,3,194.73333333333338,397.87999999999994
im,3,2,126.97333333333337,170.7466666666667
kontraktilen,4,12,712.6266666666669,1515.3200000000002
Apparat,5,7,282.8666666666666,589.3733333333332
der,6,3,125.30666666666666,174.92000000000002
Muskelzellen,7,12,413.42666666666673,763.3600000000001
zu,8,2,100.46666666666667,135.02666666666667
finden,9,6,249.1466666666666,424.8
aber,10,4,239.17333333333337,366.63999999999993
auch,11,4,135.0,213.9466666666667
in,12,2,183.96,265.43999999999994
anderen,13,7,236.06666666666663,470.98666666666674
Zellen,14,6,146.12,233.14666666666668
wo,15,2,157.78666666666675,215.45333333333335
es,16,2,134.32000000000002,175.57333333333332
am,17,2,130.33333333333331,182.13333333333338
Kontraktionsmechanismus,18,23,769.4533333333331,1467.16
beteiligt,19,9,299.31999999999994,525.16
ist,20,3,132.52,210.02666666666667
Eine,1,4,238.21333333333325,436.9066666666666
chlorophyllhaltige,2,18,725.8933333333333,1725.7333333333336
Parenchymzelle,3,14,1676.36,2861.7199999999993
in,4,2,173.24,312.13333333333327
einem,5,5,254.7466666666666,627.1333333333332
Angiospermenblatt,6,17,1684.6266666666668,3350.1333333333346
exportiert,7,10,507.1999999999997,1032.733333333333
organisches,8,11,464.06666666666666,1031.1466666666665
Material,9,8,281.09333333333325,623.9999999999999
in,10,2,180.73333333333335,280.6666666666667
Form,11,4,222.08,373.7066666666666
von,12,3,131.42666666666668,210.06666666666666
Saccharose,13,10,646.7733333333335,1122.346666666667
aus,14,3,214.64,414.8133333333333
der,15,3,181.92,341.4666666666666
Zelle,16,5,168.4399999999999,300.5733333333333
und,17,3,122.77333333333334,169.10666666666665
versorgt,18,8,287.30666666666656,555.5200000000002
damit,19,5,199.0933333333333,370.58666666666664
selbst,20,6,245.59999999999997,444.69333333333344
in,21,2,159.61333333333332,226.13333333333335
der,22,3,188.69333333333338,253.77333333333334
Nacht,23,5,198.74666666666658,335.7466666666667
alle,24,4,196.06666666666663,296.88000000000017
chlorophyllfreien,25,17,806.8933333333333,1553.4533333333327
Zellen,26,6,236.13333333333333,495.06666666666666
der,27,3,185.98666666666674,277.32000000000005
Pflanze,28,7,307.74666666666656,557.1999999999999
Das,1,3,253.58666666666664,346.06666666666644
Prinzip,2,7,346.56,531.2666666666665
ist,3,3,140.0266666666667,239.10666666666668
einfach,4,7,179.28000000000006,377.06666666666683
Am,1,2,168.61333333333334,225.37333333333328
Tag,2,3,168.63999999999993,238.12
speichert,3,9,241.28000000000011,514.2133333333333
der,4,3,172.58666666666667,299.4799999999999
Chloroplast,5,11,394.88,1054.6933333333338
die,6,3,184.68,298.4133333333334
gebildete,7,9,350.3333333333333,778.5466666666663
und,8,3,76.38666666666667,104.61333333333334
überschüssige,9,13,469.52,945.76
Glucose,10,7,377.06666666666666,662.053333333333
aus,11,3,231.01333333333335,359.7466666666665
der,12,3,102.29333333333332,158.47999999999996
Photosynthese,13,13,620.1999999999998,1050.813333333333
als,14,3,269.7066666666667,493.81333333333345
Stärke,15,6,256.7733333333333,491.02666666666676
in,1,2,201.76000000000005,262.9066666666667
der,2,3,177.20000000000002,278.8399999999999
Nacht,3,5,135.14666666666665,201.26666666666674
kommt,4,5,181.73333333333332,303.52
es,5,2,112.77333333333335,145.24
zu,6,2,162.46666666666664,192.36000000000004
einer,7,5,188.1733333333334,323.4
Stoffentnahme,8,13,555.7066666666667,1141.1733333333336
aus,9,3,156.9333333333333,253.54666666666668
diesem,10,6,281.21333333333325,698.5733333333333
Speicher,11,8,266.93333333333334,623.2133333333336
Die,1,3,224.70666666666668,415.81333333333333
Zelle,2,5,223.0666666666666,434.34666666666664
kann,3,4,229.89333333333332,383.64
auf,4,3,109.96000000000005,157.32
diese,5,5,341.56,572.1733333333333
Weise,6,5,177.30666666666656,435.3066666666668
Tag,7,3,169.69333333333338,276.81333333333333
und,8,3,123.0933333333333,197.57333333333332
Nacht,9,5,177.08,298.7866666666668
einen,10,5,295.9866666666666,561.7866666666665
Export,11,6,185.02666666666664,412.85333333333324
gewährleisten,12,13,456.4666666666665,909.8133333333335
Saccharose,1,10,515.5333333333333,1162.6266666666668
ist,2,3,185.44000000000003,295.05333333333334
ein,3,3,245.30666666666673,484.06666666666655
Dimer,4,5,362.6133333333334,838.5599999999998
und,5,3,123.64000000000003,191.01333333333332
wirkt,6,5,342.5599999999998,735.0666666666668
nicht,7,5,238.46666666666678,592.6133333333332
reduzierend,8,11,511.80000000000007,1268.946666666667
sie,9,3,204.22666666666666,337.9333333333334
wird,10,4,295.11999999999995,493.20000000000033
in,11,2,150.4533333333333,301.76
der,12,3,157.69333333333338,320.3066666666666
Pflanze,13,7,159.05333333333328,364.8933333333332
vor,14,3,226.31999999999996,320.3866666666665
allem,15,5,161.10666666666665,303.4533333333334
als,16,3,204.67999999999998,324.52000000000004
leicht,17,6,182.0133333333333,351.4
verfügbarer,18,11,349.33333333333326,720.226666666667
Speicherstoff,19,13,418.66666666666663,931.3333333333333
verwendet,20,9,332.74666666666656,725.4266666666665
Stärke,1,6,266.7733333333334,628.2266666666667
ist,2,3,176.5066666666666,323.08
ein,3,3,218.29333333333346,398.3066666666667
großes,4,6,277.9866666666667,716.1466666666669
Polymer,5,7,343.5066666666667,739.3466666666666
aus,6,3,164.14666666666665,257.96
Glucose,7,7,427.8533333333334,847.3466666666664
wirkt,8,5,242.1333333333333,722.3066666666665
ebenfalls,9,9,239.29333333333335,567.8533333333335
nicht,10,5,222.6399999999999,385.62666666666684
reduzierend,11,11,324.22666666666674,600.0266666666669
und,12,3,107.27999999999994,134.39999999999998
ist,13,3,184.3866666666667,242.26666666666668
hauptsächlich,14,13,290.0933333333333,580.7466666666667
in,15,2,116.25333333333333,173.2
Speicherorganen,16,15,588.746666666667,1239.6533333333332
zu,17,2,104.62666666666665,133.23999999999998
finden,18,6,265.21333333333325,484.3066666666665
Das,1,3,206.61333333333332,347.6799999999999
am,2,2,162.85333333333327,245.10666666666663
häufigsten,3,10,394.0800000000001,672.4133333333333
in,4,2,153.16000000000003,205.91999999999996
der,5,3,170.88000000000005,241.12000000000012
Biosphäre,6,9,284.70666666666676,648.3333333333328
vorkommende,7,11,300.4666666666667,595.1333333333332
Kohlenhydrat,8,12,497.5066666666666,911.2133333333333
ist,9,3,157.1866666666667,225.30666666666664
unbestritten,10,12,428.67999999999995,986.1066666666667
die,11,3,171.29333333333338,257.32000000000005
Cellulose,12,9,485.85333333333324,1137.3599999999997
Sie,1,3,147.70666666666665,222.20000000000002
ist,2,3,210.4933333333333,378.15999999999997
ein,3,3,194.1733333333334,331.4666666666667
lineares,4,8,328.99999999999994,623.6933333333333
Polymer,5,7,481.6399999999999,1013.5599999999998
aus,6,3,213.52,639.72
β-D-Glucose,7,11,664.8000000000002,1957.1866666666672
und,8,3,131.13333333333335,219.85333333333335
liegt,9,5,256.18666666666667,451.49333333333334
hauptsächlich,10,13,315.50666666666666,651.7600000000001
extrazellulär,11,13,693.7866666666666,1500.0133333333335
vor,12,3,220.18666666666667,372.8133333333334
Dieses,1,6,322.91999999999996,716.28
Molekül,2,7,242.39999999999998,590.5333333333332
wird,3,4,189.42666666666668,328.3466666666667
durch,4,5,231.64000000000013,516.9066666666668
membranständige,5,15,743.6533333333336,1722.52
Cellulose-Synthasekomplexe,6,26,1578.1200000000001,3546.053333333333
synthetisiert,7,13,426.97333333333324,1127.5333333333338
die,8,3,243.96000000000004,466.02666666666676
in,9,2,180.61333333333332,301.37333333333333
der,10,3,152.61333333333332,288.04
Membran,11,7,254.14666666666665,514.6666666666669
zirkulieren,12,11,411.24,870.2
und,13,3,90.53333333333333,126.08000000000001
in,14,2,126.89333333333336,187.3733333333333
gewisser,15,8,331.8666666666667,678.9333333333335
Weise,16,5,190.77333333333326,326.4666666666667
die,17,3,146.1466666666667,224.05333333333337
Cellulose-Mikrofibrillen,18,24,1082.04,2292.6666666666665
weben,19,5,389.8133333333333,713.5999999999998
die,20,3,223.14666666666668,417.66666666666674
die,21,3,172.3599999999999,288.2
extrazelluläre,22,14,451.49333333333317,991.1333333333333
Matrix,23,6,255.0933333333333,466.6266666666666
der,24,3,124.63999999999999,183.86666666666665
Pflanzenzellen,25,14,358.2933333333334,829.6133333333336
ausmachen,26,9,337.4533333333334,534.16
Ein,1,3,264.29333333333335,519.1066666666667
Prion,2,5,314.7466666666667,954.6399999999998
ist,3,3,178.82666666666665,416.58666666666676
ein,4,3,153.37333333333325,365.3466666666667
infektiöses,5,11,695.6133333333333,2114.5733333333333
Protein,6,7,348.54666666666674,981.0799999999996
das,7,3,215.82666666666665,397.04
von,8,3,210.29333333333344,388.1333333333334
einem,9,5,231.01333333333332,589.6933333333334
endogenen,10,9,524.8799999999999,1586.826666666667
zellulären,11,10,518.3333333333334,1583.466666666667
Protein,12,7,343.56000000000006,961.3599999999999
abstammt,13,8,448.53333333333313,1091.9066666666663
und,14,3,146.3466666666667,250.75999999999993
dessen,15,6,321.64,711.2533333333337
Primärstruktur,16,14,655.6933333333332,1614.6133333333332
besitzt,17,7,324.2266666666666,997.1066666666666
sich,18,4,308.1466666666667,719.2933333333335
aber,19,4,205.77333333333345,462.6666666666665
in,20,2,149.88,262.00000000000006
Sekundär-,21,9,309.05333333333346,790.6266666666664
Tertiär-,22,8,319.49333333333345,623.5733333333333
und,23,3,52.06666666666667,59.53333333333334
Quartärstrukturen,24,17,669.5066666666668,1273.8933333333339
von,25,3,159.66666666666663,234.72000000000003
diesem,26,6,249.7066666666666,583.9333333333333
unterscheidet,27,13,402.19999999999993,996.4799999999999
Seine,1,5,284.73333333333346,605.2933333333332
strukturellen,2,13,533.3199999999999,1252.2666666666664
Eigenschaften,3,13,268.9333333333332,861.1999999999999
verleihen,4,9,339.7466666666667,797.7466666666664
dem,5,3,223.73333333333338,481.3200000000001
Prion,6,5,235.2933333333333,591.6133333333332
die,7,3,218.45333333333335,393.5199999999999
Fähigkeit,8,9,248.82666666666668,680.9999999999998
sich,9,4,221.33333333333337,485.2666666666667
durch,10,5,211.16000000000003,513.8266666666667
Autokatalyse,11,12,876.8133333333334,2030.68
von,12,3,179.29333333333327,335.6800000000001
einem,13,5,265.9333333333333,698.0799999999998
Wildtypprotein,14,14,1079.5333333333335,2354.16
zum,15,3,211.70666666666665,415.5466666666665
Prionenprotein,16,14,451.6933333333333,2356.8133333333335
umzuwandeln,17,11,380.14666666666676,982.4666666666662
Dieses,1,6,322.6933333333334,822.626666666667
Ereignis,2,8,282.04,753.3466666666667
kann,3,4,214.34666666666664,419.5333333333333
spontan,4,7,248.30666666666664,520.6
oder,5,4,186.05333333333326,309.23999999999995
durch,6,5,219.54666666666674,393.96000000000004
die,7,3,141.30666666666664,207.9599999999999
Aufnahme,8,8,228.56000000000006,458.9599999999999
eines,9,5,245.40000000000003,407.84000000000003
anderen,10,7,277.4533333333332,596.0533333333332
Prions,11,6,227.87999999999997,406.3866666666668
erfolgen,12,8,456.19999999999993,881.8799999999998
Die,1,3,205.01333333333346,529.9866666666667
Ausbildung,2,10,329.82666666666665,1073.2133333333336
amyloider,3,9,1172.5199999999998,2562.613333333333
Fasern,4,6,333.9866666666666,762.7733333333337
und,5,3,174.17333333333332,295.88
der,6,3,258.97333333333347,562.2666666666665
infektiöse,7,10,453.90666666666664,1303.12
Charakter,8,9,274.1066666666667,676.2666666666663
sind,9,4,204.44,357.9866666666667
eng,10,3,172.9333333333333,300.31999999999994
miteinander,11,11,290.3333333333334,645.6266666666664
verknüpft,12,9,337.36,702.0933333333334
Der,1,3,258.9333333333333,420.05333333333334
Begriff,2,7,420.1200000000002,803.5199999999998
Amyloid,3,7,444.1199999999999,1156.813333333333
ist,4,3,223.88000000000005,449.19999999999993
allgemein,5,9,226.12,532.1200000000002
gehalten,6,8,333.44,706.3333333333334
und,7,3,115.92,170.93333333333334
umfasst,8,7,289.94666666666654,616.8666666666666
Proteinaggregate,9,16,1050.3999999999999,1941.8533333333337
die,10,3,208.90666666666667,309.4133333333333
auf,11,3,176.34666666666666,303.0266666666666
eine,12,4,221.10666666666674,392.08000000000015
besondere,13,9,338.7466666666666,730.1600000000002
physikalisch-chemische,14,22,753.8799999999999,1695.0000000000002
Weise,15,5,186.4933333333334,489.0666666666668
angeordnet,16,10,315.9866666666667,705.5866666666664
sind,17,4,211.52,450.0266666666667
eine,1,4,240.2666666666667,641.6266666666664
Fadenform,2,9,394.91999999999996,1004.7200000000003
in,3,2,174.76000000000002,282.84
der,4,3,269.1066666666665,482.3999999999999
zum,5,3,210.73333333333323,386.30666666666656
Großteil,6,8,269.2666666666666,635.6933333333334
β-Faltblattstrukturen,7,21,1298.56,2274.0666666666675
zu,8,2,150.70666666666665,225.80000000000004
finden,9,6,252.56,536.4533333333334
sind,10,4,233.54666666666662,428.3066666666667
und,11,3,132.61333333333334,199.85333333333335
in,12,2,212.38666666666674,373.85333333333335
der,13,3,229.87999999999994,493.92000000000013
eine,14,4,164.88000000000002,437.0666666666666
Doppelbrechung,15,14,417.52000000000027,1439.8266666666666
von,16,3,211.29333333333344,421.3066666666667
polarisiertem,17,13,477.20000000000005,1252.3600000000001
Licht,18,5,190.06666666666666,464.38666666666677
nach,19,4,243.1466666666667,505.53333333333325
Färbung,20,7,221.64000000000001,523.7333333333333
mit,21,3,212.4933333333333,329.88
Kongorot,22,8,770.5733333333335,1581.8933333333339
auftritt,23,8,390.46666666666675,869.9866666666667
Das,1,3,197.7733333333334,343.82666666666665
Prion,2,5,290.4800000000001,843.2133333333331
bringt,3,6,315.06666666666666,802.3733333333331
keine,4,5,216.38666666666666,423.72
genetische,5,10,436.06666666666666,887.6933333333333
Veränderung,6,11,277.6800000000002,739.8933333333337
mit,7,3,224.69333333333338,364.8666666666667
sich,8,4,140.73333333333335,268.17333333333335
denn,9,4,286.1333333333334,591.08
das,10,3,180.10666666666663,329.9599999999999
verantwortliche,11,15,369.08000000000015,945.9466666666667
Gen,12,3,220.20000000000007,396.8666666666665
führt,13,5,229.88000000000002,542.3066666666664
weiterhin,14,9,306.13333333333327,730.9066666666666
zur,15,3,186.17333333333332,285.0533333333332
Expression,16,10,428.8,975.8000000000003
von,17,3,196.48000000000002,340.32
Proteinen,18,9,404.7333333333336,806.4266666666663
mit,19,3,163.45333333333335,246.54666666666665
normaler,20,8,339.56,651.0666666666667
Primärstruktur,21,14,334.33333333333337,1069.0533333333333
Die,1,3,227.54666666666674,436.21333333333325
Prionenform,2,11,604.4399999999998,1355.413333333333
vermehrt,3,8,315.6933333333333,647.2799999999997
sich,4,4,193.42666666666662,339.1866666666667
somit,5,5,266.76,491.64
über,6,4,213.63999999999993,349.0
die,7,3,146.6266666666667,256.23999999999995
Umwandlung,8,10,298.44000000000005,679.0933333333331
vom,9,3,115.34666666666665,206.4933333333334
Wildtypprotein,10,14,713.3599999999998,1588.4533333333331
zum,11,3,204.4533333333334,316.79999999999995
amyloiden,12,9,819.6133333333332,1419.6
Typ,13,3,171.85333333333344,402.7200000000002
Eine,1,4,273.6933333333333,626.2133333333334
Deletion,2,8,496.81333333333333,1508.746666666667
des,3,3,226.8666666666667,567.6533333333332
codierenden,4,11,349.14666666666676,1286.3600000000006
Gens,5,4,227.87999999999994,613.0
des,6,3,193.06666666666663,456.4
zellulären,7,10,284.0,860.7466666666666
Proteins,8,8,255.6,597.1733333333333
würde,9,5,216.6399999999999,420.0933333333333
somit,10,5,211.92000000000004,393.46666666666664
eine,11,4,181.41333333333338,326.92
Prioneninfektion,12,16,853.5466666666667,1765.6800000000003
verhindern,13,10,389.29333333333324,706.7333333333335
Ein,1,3,240.77333333333337,432.7466666666667
Zyklotron,2,9,470.22666666666674,1249.346666666667
besteht,3,7,250.26666666666668,519.6666666666667
aus,4,3,166.70666666666665,279.58666666666664
einer,5,5,224.49333333333337,447.2000000000001
flachen,6,7,273.69333333333327,656.2533333333336
zylindrischen,7,13,487.90666666666675,1386.7333333333336
Vakuumkammer,8,12,715.6933333333335,1552.8666666666666
zwischen,9,8,312.67999999999995,823.2533333333334
den,10,3,206.38666666666668,441.43999999999994
Polen,11,5,257.1466666666667,603.7999999999998
eines,12,5,242.38666666666668,679.3333333333333
Elektromagneten,13,15,716.0666666666664,1869.8666666666666
der,14,3,272.9733333333333,496.28000000000014
ein,15,3,234.9466666666667,569.3600000000002
Feld,16,4,198.94666666666666,501.4
in,17,2,199.06666666666663,382.56
z-Richtung,18,10,276.08,852.6266666666667
erzeugt,19,7,457.5200000000001,897.093333333333
Die,1,3,255.2133333333333,502.4799999999999
Kammer,2,6,244.17333333333337,586.9199999999998
ist,3,3,206.5333333333333,466.92
in,4,2,176.20000000000005,289.57333333333327
zwei,5,4,280.1733333333332,625.08
D-förmige,6,9,444.2933333333332,1141.0266666666669
Hälften,7,7,369.3199999999998,747.2000000000002
aufgeteilt,8,10,522.4933333333333,921.9866666666668
zwischen,9,8,332.85333333333335,575.1333333333332
denen,10,5,280.47999999999996,456.7866666666668
eine,11,4,170.5066666666667,277.30666666666673
Hochfrequenzspannung,12,20,883.88,1547.9466666666665
anliegt,13,7,452.40000000000015,839.6266666666664
Die,1,3,290.37333333333345,669.3199999999999
von,2,3,235.67999999999995,559.1466666666668
der,3,3,175.82666666666668,412.08000000000015
Ionenquelle,4,11,475.5199999999998,1327.6266666666668
im,5,2,221.0933333333334,443.89333333333343
Spalt,6,5,231.48,554.8533333333334
zwischen,7,8,273.9600000000001,743.1066666666663
den,8,3,157.8133333333333,295.36000000000007
Kammern,9,7,247.23999999999998,658.9200000000002
im,10,2,161.0666666666667,328.7199999999999
Zentrum,11,7,273.2533333333335,643.6666666666666
der,12,3,187.69333333333336,337.34666666666675
Anordnung,13,9,294.3200000000001,581.5600000000001
emittierten,14,11,484.54666666666657,994.6533333333333
positiven,15,9,297.78666666666675,936.3066666666671
Ionen,16,5,215.35999999999996,536.0400000000001
werden,17,6,247.46666666666667,572.2266666666663
auf,18,3,173.65333333333345,340.29333333333324
die,19,3,170.42666666666665,305.3333333333332
negative,20,8,233.37333333333333,576.8933333333332
Kammerhälfte,21,12,488.2666666666667,1132.9333333333332
zu,22,2,132.98666666666665,257.79999999999995
beschleunigt,23,12,473.32,1241.893333333333
Da,1,2,168.22666666666666,280.4133333333333
im,2,2,254.35999999999996,499.79999999999995
Inneren,3,7,272.0133333333334,543.2933333333333
der,4,3,170.42666666666665,244.25333333333327
Kammerhälften,5,13,593.4266666666666,1147.9733333333334
mit,6,3,209.94666666666663,449.45333333333315
metallischen,7,12,345.18666666666667,853.1066666666668
Wänden,8,6,279.0666666666667,572.6533333333332
kein,9,4,255.63999999999993,476.61333333333334
elektrisches,10,12,332.68000000000006,714.8533333333334
Feld,11,4,173.34666666666664,278.6266666666667
existiert,12,9,388.6933333333334,703.5599999999998
beschreiben,13,11,428.13333333333327,791.9333333333333
die,14,3,193.00000000000006,282.97333333333347
Ionen,15,5,238.16,392.95999999999987
hier,16,4,253.08,422.23999999999995
im,17,2,116.75999999999999,154.11999999999998
Magnetfeld,18,10,393.8,693.7066666666667
einen,19,5,210.98666666666662,514.1466666666665
Halbkreis,20,9,286.0533333333334,672.76
in,21,2,203.34666666666664,344.92
der,22,3,236.53333333333336,475.5333333333334
x-y-Ebene,23,9,513.64,1123.1466666666668
dessen,24,6,446.1866666666667,857.2933333333333
Radius,25,6,236.55999999999992,476.05333333333346
durch,26,5,253.0666666666667,503.2133333333332
die,27,3,206.56000000000003,362.3199999999999
als,28,3,238.21333333333334,508.52
Zentripetalkraft,29,16,831.066666666667,1654.0800000000008
wirkende,30,8,330.97333333333313,664.1599999999999
Lorentzkraft,31,12,645.6800000000001,1048.6533333333334
festgelegt,32,10,514.8533333333332,899.9733333333334
und,33,3,150.50666666666666,234.17333333333335
dessen,34,6,238.5066666666667,575.7866666666666
Umlaufszeit,35,11,480.72000000000014,1104.8533333333335
unabhängig,36,10,327.73333333333335,932.2666666666668
vom,37,3,176.45333333333332,362.06666666666666
Radius,38,6,244.02666666666664,521.0533333333334
ist,39,3,186.37333333333336,350.26666666666665
Wird,1,4,295.06666666666666,573.5733333333332
die,2,3,148.07999999999998,278.7866666666667
Hochfrequenz,3,12,446.4533333333334,1086.7199999999998
nun,4,3,207.64000000000001,359.7199999999999
genau,5,5,315.73333333333335,684.5600000000001
so,6,2,158.9466666666666,257.38666666666666
gewählt,7,7,327.11999999999995,643.9333333333335
dass,8,4,211.3199999999999,359.6933333333332
die,9,3,257.0133333333332,407.8666666666665
Ionen,10,5,172.37333333333336,350.78666666666675
nach,11,4,227.88000000000005,607.56
Durchlaufen,12,11,266.34666666666664,653.2933333333334
des,13,3,200.27999999999992,322.2933333333333
Halbkreises,14,11,291.9466666666667,686.9866666666667
immer,15,5,216.82666666666677,393.54666666666674
zu,16,2,119.06666666666666,185.2
einem,17,5,218.00000000000003,530.1866666666665
Zeitpunkt,18,9,239.04,469.86666666666656
wieder,19,6,255.59999999999994,538.4933333333333
am,20,2,123.08000000000001,195.86666666666667
Spalt,21,5,224.1066666666667,400.6933333333334
ankommen,22,8,308.0799999999998,603.0
bei,23,3,196.7066666666666,397.00000000000006
dem,24,3,257.8933333333333,406.2799999999999
die,25,3,134.06666666666666,211.8666666666666
richtige,26,8,307.49333333333334,577.4799999999999
Polarität,27,9,221.7733333333334,604.4799999999998
der,28,3,147.58666666666664,261.17333333333335
Beschleunigungsspannung,29,23,529.9066666666664,1085.986666666667
anliegt,30,7,283.0799999999999,550.7733333333334
nimmt,31,5,228.07999999999998,414.2533333333334
ihre,32,4,213.93333333333334,374.8399999999998
kinetische,33,10,334.1999999999999,632.2133333333333
Energie,34,7,196.76,345.9600000000001
bei,35,3,157.88000000000002,276.33333333333326
Durchlaufen,36,11,403.6933333333334,811.8799999999997
des,37,3,129.3066666666667,210.68
Spaltes,38,7,348.33333333333354,531.0933333333335
zu,39,2,161.6266666666667,332.26666666666665
ihre,40,4,259.90666666666675,554.3733333333331
Geschwindigkeit,41,15,275.2533333333334,633.36
wächst,42,6,281.73333333333335,467.2800000000002
und,43,3,145.30666666666664,226.76000000000002
daher,44,5,237.14666666666673,436.0933333333334
auch,45,4,188.15999999999997,347.4533333333334
der,46,3,166.81333333333333,289.9200000000001
Radius,47,6,220.84000000000003,371.6533333333332
des,48,3,138.73333333333332,208.3333333333333
nächsten,49,8,299.58666666666664,721.7466666666662
Halbkreises,50,11,428.5466666666667,886.4533333333331
Die,1,3,210.26666666666665,359.2399999999999
Ionen,2,5,237.58666666666664,375.89333333333343
durchlaufen,3,11,395.02666666666676,613.8400000000001
deshalb,4,7,223.84,459.50666666666666
eine,5,4,188.77333333333334,326.66666666666674
spiralartige,6,12,523.0666666666667,1188.4266666666665
Bahn,7,4,209.97333333333336,323.8133333333332
die,8,3,202.8533333333333,319.0533333333333
aus,9,3,212.48000000000002,363.28000000000003
lauter,10,6,240.4800000000001,425.00000000000006
Halbkreisen,11,11,341.63999999999993,611.0666666666666
mit,12,3,150.38666666666666,207.13333333333333
wachsenden,13,10,300.0933333333333,602.16
Radien,14,6,284.6933333333334,516.0933333333334
besteht,15,7,253.0533333333333,474.21333333333325
bis,16,3,277.7733333333333,417.52000000000004
sie,17,3,165.93333333333334,232.0933333333333
den,18,3,235.62666666666667,389.4933333333332
Rand,19,4,164.87999999999997,287.19999999999993
des,20,3,111.93333333333337,217.78666666666672
Magnetfeldes,21,12,324.8266666666666,636.1733333333332
erreicht,22,8,277.52000000000004,511.74666666666644
haben,23,5,183.9866666666667,275.84000000000003
und,24,3,88.46666666666667,112.73333333333333
dort,25,4,201.76000000000002,291.9866666666666
durch,26,5,173.61333333333337,282.84000000000003
ein,27,3,113.96,155.82666666666668
elektrisches,28,12,261.23999999999995,505.9200000000001
Ablenkfeld,29,10,411.3466666666666,779.7733333333333
extrahiert,30,10,370.9999999999999,688.6133333333332
werden,31,6,245.02666666666667,416.7200000000001
können,32,6,203.4133333333333,309.9599999999999
Wenn,1,4,250.45333333333332,513.5999999999999
ein,2,3,213.42666666666673,442.7866666666666
ruhendes,3,8,405.7733333333331,1172.7866666666664
Atom,4,4,220.94666666666666,666.0933333333332
ein,5,3,262.0666666666666,554.6666666666665
Photon,6,6,269.65333333333336,799.9466666666666
absorbiert,7,10,498.74666666666667,1215.333333333333
so,8,2,189.61333333333334,282.4
nimmt,9,5,212.17333333333337,379.96
es,10,2,141.87999999999997,209.60000000000002
bei,11,3,210.0666666666667,339.08
der,12,3,149.44000000000003,251.69333333333327
Absorption,13,10,383.23999999999995,795.9200000000002
den,14,3,222.86666666666662,438.5600000000002
Photonenimpuls,15,14,603.1466666666669,1753.8666666666659
auf,16,3,205.58666666666664,363.08000000000004
und,17,3,208.19999999999993,341.5733333333334
erfährt,18,7,314.0533333333334,550.5066666666669
deshalb,19,7,282.3066666666666,588.2933333333334
einen,20,5,172.37333333333333,430.17333333333323
Rückstoßimpuls,21,14,638.44,1475.1333333333334
der,22,3,261.20000000000005,456.2266666666666
zu,23,2,182.18666666666667,236.64000000000001
einer,24,5,193.65333333333342,356.4000000000001
kinetischen,25,11,362.8933333333333,756.0
Rückstoßenergie,26,15,709.0400000000002,1288.7733333333329
führt,27,5,289.8533333333333,510.47999999999996
Die,1,3,199.98666666666665,324.34666666666664
Photonenenergie,2,15,691.4666666666665,1710.4933333333329
wird,3,4,249.8533333333333,445.86666666666673
dabei,4,5,175.69333333333338,304.93333333333334
zum,5,3,231.24,466.42666666666673
einen,6,5,229.2266666666667,709.2266666666668
als,7,3,185.21333333333334,412.6533333333332
Rückstoßenergie,8,15,432.28000000000003,1251.7200000000003
und,9,3,178.99999999999997,278.0933333333333
zum,10,3,196.76,322.78666666666663
anderen,11,7,202.8266666666666,402.2533333333333
als,12,3,143.98666666666665,224.8400000000001
Anregungsenergie,13,16,627.2799999999999,1442.12
auf,14,3,153.51999999999998,226.3866666666667
das,15,3,196.06666666666672,329.5333333333333
Atom,16,4,159.93333333333328,358.9866666666666
übertragen,17,10,400.70666666666665,921.3199999999997
Die,1,3,242.58666666666664,466.3333333333334
Frequenz,2,8,332.22666666666646,892.2533333333333
der,3,3,140.38666666666668,250.76000000000005
Anregung,4,8,455.79999999999984,977.2533333333331
unterscheidet,5,13,328.9200000000001,1037.24
sich,6,4,225.13333333333327,423.4666666666668
also,7,4,201.6266666666667,389.1866666666665
von,8,3,195.0933333333333,406.6800000000001
der,9,3,226.38666666666666,463.89333333333343
des,10,3,231.3733333333333,477.52000000000015
Photons,11,7,247.6266666666666,642.5866666666664
um,12,2,175.14666666666662,251.5466666666666
einen,13,5,290.5600000000001,645.4
gewissen,14,8,238.2666666666667,614.84
Betrag,15,6,274.96,507.98666666666674
Auch,1,4,262.58666666666664,511.4799999999999
bei,2,3,199.19999999999996,395.2266666666667
der,3,3,207.72000000000003,376.4533333333333
Emission,4,8,328.5999999999999,793.7200000000001
eines,5,5,267.56,419.4933333333334
Photons,6,7,400.34666666666675,765.0000000000002
erfährt,7,7,291.6666666666666,835.5733333333328
das,8,3,228.6666666666667,394.4399999999998
Atom,9,4,130.09333333333336,294.96000000000004
einen,10,5,262.4,569.333333333333
Rückstoß,11,8,301.4,673.1333333333334
Die,1,3,199.5200000000001,394.91999999999996
dabei,2,5,263.0,600.6666666666665
erzeugte,3,8,280.70666666666665,583.8533333333334
Rückstoßenergie,4,15,541.2666666666668,1042.253333333333
fehlt,5,5,244.5333333333334,548.7866666666667
dem,6,3,176.14666666666662,338.2133333333333
emittierten,7,11,436.1733333333335,1308.0133333333342
Photon,8,6,304.9600000000001,749.0799999999998
so,9,2,217.48,337.84
dass,10,4,262.97333333333336,422.7066666666667
dessen,11,6,216.99999999999991,576.2533333333332
Wellenlänge,12,11,227.74666666666664,493.9333333333335
ebenfalls,13,9,279.25333333333333,564.1333333333333
von,14,3,206.42666666666668,310.6533333333333
jener,15,5,233.77333333333334,502.9600000000001
der,16,3,184.84000000000003,355.23999999999995
Anregung,17,8,221.57333333333335,588.3866666666668
verschieden,18,11,380.72000000000014,859.7066666666668
ist,19,3,205.6,407.88
Atome,1,5,327.24000000000007,667.5066666666668
die,2,3,193.87999999999994,408.7466666666667
sich,3,4,260.24,607.2800000000003
nur,4,3,251.98666666666665,537.333333333333
in,5,2,229.9333333333333,467.1200000000002
ihrem,6,5,344.3066666666667,1008.1333333333334
Impuls,7,6,184.19999999999993,381.09333333333336
unterscheiden,8,13,559.8533333333332,1137.0000000000002
können,9,6,240.4,631.0533333333334
also,10,4,258.19999999999993,618.8666666666667
Photonen,11,8,241.79999999999998,655.9733333333331
mit,12,3,182.69333333333333,367.78666666666663
unterschiedlicher,13,17,342.1866666666667,907.9733333333335
Frequenz,14,8,259.81333333333333,543.4399999999999
absorbieren,15,11,351.21333333333314,871.9066666666666
bzw.,16,4,229.50666666666655,450.05333333333334
emittieren,17,10,465.8266666666668,1031.0133333333335
Befindet,1,8,466.91999999999996,1021.1733333333331
sich,2,4,159.17333333333332,278.79999999999995
ein,3,3,272.2666666666666,499.9333333333333
Atom,4,4,221.74666666666667,534.2133333333335
in,5,2,176.36000000000004,374.18666666666655
einem,6,5,175.89333333333332,565.7733333333333
Kristallgitter,7,14,588.8266666666666,1251.7199999999996
überträgt,8,9,361.8666666666668,934.6000000000003
sich,9,4,228.1999999999999,506.8533333333336
der,10,3,198.94666666666663,388.56
Rückstoß,11,8,248.93333333333337,691.9066666666669
auf,12,3,166.4666666666667,358.18666666666667
dieses,13,6,320.5866666666667,982.5066666666668
und,14,3,151.98666666666665,346.77333333333326
die,15,3,231.56000000000003,597.786666666667
Energie,16,7,287.7866666666666,768.64
von,17,3,199.08000000000004,459.09333333333325
absorbiertem,18,12,494.1200000000002,1534.0933333333328
und,19,3,99.53333333333335,178.46666666666667
emittiertem,20,11,445.9866666666666,1011.9600000000002
Photon,21,6,229.07999999999993,478.1333333333332
entsprechen,22,11,333.6266666666667,988.1466666666664
in,23,2,199.25333333333333,364.18666666666655
etwa,24,4,227.7866666666667,550.5866666666668
der,25,3,165.10666666666665,291.08000000000004
Anregungsenergie,26,16,611.5733333333332,1606.76
Dies,1,4,254.74666666666667,476.7066666666666
wird,2,4,243.6,453.13333333333327
in,3,2,155.2266666666667,224.90666666666678
der,4,3,131.48000000000002,208.88
Mößbauerspektroskopie,5,21,1146.8666666666666,2060.533333333333
benutzt,6,7,333.66666666666663,634.2800000000001
um,7,2,183.14666666666668,276.69333333333327
mit,8,3,195.54666666666665,308.3066666666666
Hilfe,9,5,196.9866666666666,419.77333333333337
der,10,3,155.4666666666667,277.80000000000007
Dopplerverschiebung,11,19,726.906666666667,1712.306666666666
der,12,3,208.6266666666667,494.46666666666664
Emissionslinien,13,15,456.88,1406.8666666666666
etwa,14,4,245.25333333333325,515.0666666666666
Hyperfeinstrukturenaufspaltungen,15,32,1235.6133333333332,3022.253333333335
in,16,2,101.48000000000002,144.79999999999998
einer,17,5,270.8000000000001,477.2533333333333
Probe,18,5,219.90666666666664,350.58666666666653
zu,19,2,95.94666666666666,129.2266666666667
analysieren,20,11,467.7866666666667,785.8266666666667
Photonische,1,11,591.8399999999998,1873.4800000000005
Kristalle,2,9,264.26666666666665,915.5466666666664
sind,3,4,206.51999999999995,552.3733333333334
räumlich,4,8,251.85333333333338,822.0666666666666
periodische,5,11,552.2533333333333,1738.426666666666
Anordnungen,6,11,370.86666666666673,1167.773333333333
von,7,3,179.19999999999996,408.8533333333333
dielektrischen,8,14,894.9333333333335,2207.7599999999993
Medien,9,6,341.89333333333326,837.2533333333337
mit,10,3,220.2133333333333,402.6399999999999
unterschiedlicher,11,17,537.72,1246.1200000000001
Dielektrizitätskonstante,12,24,1525.613333333333,2906.6933333333336
und,13,3,127.17333333333335,226.69333333333333
damit,14,5,258.90666666666675,585.0000000000001
unterschiedlichen,15,17,425.75999999999993,1221.5866666666668
Brechzahlen,16,11,596.1200000000002,1346.2000000000007
Man,1,3,198.33333333333334,410.5600000000001
kann,2,4,220.61333333333334,402.5466666666667
sie,3,3,176.42666666666668,304.44
realisieren,4,11,442.4400000000002,1050.4400000000003
durch,5,5,278.66666666666663,590.56
transparente,6,12,478.5999999999998,1022.4133333333332
Materialien,7,11,697.1599999999999,1393.88
in,8,2,241.0533333333333,591.4533333333335
die,9,3,212.46666666666664,640.1466666666668
periodische,10,11,325.0000000000001,1255.5866666666668
Strukturen,11,10,324.5866666666667,883.1866666666667
z.B.,12,4,172.82666666666665,320.24000000000007
dielektrische,13,13,529.3200000000002,1166.826666666667
Mikrozylinder,14,13,736.3066666666665,1336.8666666666672
oder,15,4,197.53333333333336,310.9866666666665
Kügelchen,16,9,329.41333333333324,747.2399999999999
eingebaut,17,9,381.73333333333335,862.4666666666667
sind,18,4,165.09333333333328,355.37333333333333
deren,19,5,359.17333333333323,757.5466666666667
Abstände,20,8,192.22666666666666,691.2933333333331
in,21,2,181.1866666666667,345.49333333333334
der,22,3,175.93333333333337,324.7466666666666
Größenordnung,23,13,363.52000000000004,1030.96
der,24,3,219.21333333333334,462.7733333333334
optischen,25,9,256.64000000000004,763.1866666666666
Wellenlänge,26,11,305.02666666666676,1041.5733333333333
liegen,27,6,345.15999999999997,852.2000000000003
Sie,1,3,180.6666666666667,284.94666666666666
beeinflussen,2,12,373.15999999999997,897.0933333333335
deshalb,3,7,278.61333333333334,599.68
die,4,3,166.93333333333337,277.1866666666667
Ausbreitung,5,11,442.76000000000005,889.7333333333332
von,6,3,218.78666666666672,371.21333333333337
Licht,7,5,224.0933333333334,469.0
in,8,2,182.33333333333331,311.31999999999994
diesen,9,6,246.7333333333334,666.5866666666668
Materialien,10,11,344.33333333333326,901.0933333333332
Fällt,1,5,279.46666666666664,744.9333333333336
eine,2,4,256.1866666666665,494.99999999999994
Lichtwelle,3,10,282.6666666666666,769.6266666666664
auf,4,3,174.1333333333334,290.5866666666667
diese,5,5,304.7600000000001,696.88
Struktur,6,8,188.12000000000006,490.79999999999995
so,7,2,139.5466666666667,193.8266666666667
wird,8,4,258.70666666666676,566.3466666666667
ein,9,3,199.2,369.44000000000005
Teil,10,4,195.55999999999995,404.65333333333336
der,11,3,154.39999999999998,264.91999999999996
Wellenamplitude,12,15,791.1999999999999,1802.4266666666667
an,13,2,183.50666666666672,350.71999999999997
den,14,3,226.66666666666663,529.6666666666664
Grenzflächen,15,12,202.25333333333333,977.0666666666667
der,16,3,193.62666666666672,351.8133333333335
periodischen,17,12,317.3466666666666,1033.36
Struktur,18,8,231.9999999999999,692.1466666666668
reflektiert,19,11,409.01333333333326,1068.4933333333336
Ist,1,3,239.45333333333326,474.06666666666644
die,2,3,241.74666666666667,539.9466666666666
Periode,3,7,239.19999999999993,843.3600000000001
der,4,3,219.28,498.85333333333307
Struktur,5,8,282.0533333333334,1061.72
ein,6,3,230.89333333333332,603.0266666666665
π-vielfaches,7,12,893.2266666666666,2992.973333333334
der,8,3,204.3866666666666,446.12000000000006
Wellenlänge,9,11,490.9733333333332,1290.6399999999992
überlagern,10,10,344.40000000000015,1218.3466666666673
sich,11,4,213.92,455.1066666666668
die,12,3,132.25333333333336,262.2133333333333
reflektierten,13,13,390.3333333333333,1098.0800000000002
Anteile,14,7,291.15999999999997,730.1200000000001
phasenrichtig,15,13,621.96,1550.5600000000002
und,16,3,108.34666666666668,183.50666666666666
addieren,17,8,320.5466666666666,803.9066666666663
sich,18,4,198.28,335.68
deshalb,19,7,302.95999999999987,799.5200000000001
Das,1,3,261.0,457.7599999999999
Reflexionsvermögen,2,18,761.3199999999997,1454.3066666666664
des,3,3,206.0666666666667,338.4533333333333
Kristalls,4,9,225.29333333333335,527.1200000000001
wird,5,4,253.76000000000005,498.24000000000007
erhöht,6,6,263.52,534.7066666666667
Ist,1,3,230.77333333333334,465.2533333333333
die,2,3,211.29333333333338,421.0
Periode,3,7,254.18666666666664,707.0933333333331
der,4,3,192.11999999999995,386.2
Struktur,5,8,239.86666666666673,664.8666666666667
ein,6,3,181.16000000000003,305.13333333333355
ungeradzahlig,7,13,545.52,2114.866666666666
π-vielfaches,8,12,584.0133333333332,1957.5866666666668
der,9,3,183.86666666666665,371.2799999999999
halben,10,6,312.2133333333333,860.8533333333336
Wellenlänge,11,11,187.24000000000004,812.2666666666667
sind,12,4,294.0666666666666,673.3199999999999
die,13,3,187.5066666666666,299.2533333333332
Phasen,14,6,189.41333333333336,429.37333333333333
der,15,3,153.0,249.3466666666667
reflektierten,16,13,341.0933333333335,877.6933333333333
Wellen,17,6,198.51999999999992,424.6399999999999
gegeneinander,18,13,303.5199999999999,680.7599999999996
verschoben,19,10,329.35999999999984,585.4666666666668
und,20,3,77.26666666666667,102.09333333333335
die,21,3,174.07999999999998,267.6133333333333
reflektierten,22,13,344.5866666666667,690.1466666666666
Anteile,23,7,303.53333333333336,550.2666666666667
löschen,24,7,167.12000000000003,471.09333333333325
sich,25,4,169.44000000000003,304.68000000000006
teilweise,26,9,273.09333333333336,525.5999999999999
oder,27,4,235.63999999999987,393.69333333333356
ganz,28,4,251.0,408.3866666666666
aus,29,3,118.76000000000002,145.3066666666667
Der,1,3,207.70666666666668,471.15999999999997
entscheidende,2,13,449.84000000000003,1064.0
Durchbruch,3,10,373.8133333333334,707.6000000000001
zur,4,3,179.3733333333333,322.65333333333325
Aufstellung,5,11,328.52000000000004,786.4933333333336
eines,6,5,220.93333333333334,388.3599999999999
Ordnungsschemas,7,15,673.8933333333333,1236.333333333333
gelang,8,6,260.3733333333332,544.7733333333333
dem,9,3,231.47999999999993,364.88
Quarkmodell,10,11,452.6666666666666,1053.1333333333332
das,11,3,198.42666666666668,407.62666666666667
die,12,3,250.36000000000013,437.7733333333332
Vielzahl,13,8,299.41333333333324,641.7733333333332
der,14,3,152.3866666666667,231.6533333333334
bisher,15,6,310.7866666666668,535.48
gefundenen,16,10,168.72000000000008,699.1466666666668
als,17,3,204.45333333333335,405.7066666666666
Elementarteilchen,18,17,464.0133333333333,1177.3333333333337
angenommenen,19,12,374.61333333333346,892.3733333333331
Teilchen,20,8,224.77333333333328,578.96
als,21,3,216.62666666666664,428.3866666666665
Systeme,22,7,240.4133333333333,602.3866666666665
mit,23,3,190.54666666666662,357.53333333333336
innerer,24,7,339.91999999999996,750.6133333333335
Struktur,25,8,257.85333333333335,473.38666666666666
ansieht,26,7,425.9599999999999,810.4933333333332
die,27,3,239.1733333333333,378.52
aus,28,3,228.9066666666666,388.20000000000016
wenigen,29,7,273.05333333333346,731.5733333333334
noch,30,4,181.7733333333333,559.7066666666668
elementareren,31,13,469.0133333333333,1130.6799999999996
Teilchen,32,8,244.88000000000002,494.19999999999993
zusammengesetzt,33,15,387.9466666666668,751.4133333333333
sind,34,4,224.97333333333324,332.97333333333324
Trägt,1,5,286.61333333333334,548.16
man,2,3,170.70666666666665,251.81333333333333
die,3,3,177.17333333333337,336.5466666666667
bisher,4,6,280.6933333333333,478.04
bekannten,5,9,319.7466666666666,676.3599999999998
Hadronen,6,8,675.626666666667,1186.1466666666668
in,7,2,162.48000000000002,269.20000000000005
einem,8,5,304.4666666666667,533.2666666666669
Diagramm,9,8,180.18666666666672,483.7866666666668
ein,10,3,205.10666666666663,356.4000000000001
in,11,2,198.83999999999995,346.24000000000007
dem,12,3,263.88000000000005,483.14666666666665
ihre,13,4,251.2400000000001,540.64
Masse,14,5,192.37333333333336,561.2533333333334
als,15,3,240.75999999999993,541.9466666666667
Ordinate,16,8,478.24000000000007,1518.0133333333333
und,17,3,134.18666666666667,214.65333333333328
ihr,18,3,263.8666666666667,568.7466666666667
Spin,19,4,225.69333333333327,756.8399999999998
als,20,3,185.77333333333334,397.53333333333325
Abszisse,21,8,566.2133333333331,1493.6666666666663
gewählt,22,7,345.37333333333333,740.7066666666666
wird,23,4,220.52,382.34666666666664
so,24,2,158.61333333333332,239.29333333333332
fällt,25,5,255.33333333333326,503.96000000000004
auf,26,3,206.01333333333338,313.70666666666665
dass,27,4,206.01333333333343,330.2666666666667
es,28,2,177.74666666666664,277.0133333333333
bestimmte,29,9,319.9866666666667,723.0133333333332
Gruppen,30,7,224.81333333333328,460.76
gibt,31,4,189.22666666666663,344.69333333333327
in,32,2,169.01333333333338,255.6133333333333
denen,33,5,246.9199999999999,485.78666666666675
die,34,3,194.4,303.0133333333333
Teilchen,35,8,191.18666666666672,387.08000000000004
in,36,2,170.41333333333327,254.42666666666662
diesem,37,6,271.4666666666667,579.8133333333334
Diagramm,38,8,228.1066666666666,398.39999999999986
eng,39,3,170.62666666666667,255.40000000000003
benachbart,40,10,382.3200000000001,808.466666666667
sind,41,4,230.09333333333333,386.7066666666666
d.h.,42,4,222.86666666666662,375.9866666666667
gleichen,43,8,432.3066666666668,899.706666666667
Spin,44,4,165.2933333333334,267.36000000000007
gleiche,45,7,345.1066666666666,616.7333333333333
Parität,46,7,347.1066666666668,922.8000000000001
und,47,3,129.25333333333336,183.2933333333333
fast,48,4,238.00000000000006,414.8933333333335
gleiche,49,7,258.37333333333333,476.0266666666668
Masse,50,5,179.46666666666667,279.94666666666666
haben,51,5,221.59999999999997,357.7733333333333
Dies,1,4,230.10666666666665,468.3733333333333
brachte,2,7,324.5333333333333,829.7733333333332
Murray,3,6,344.5066666666668,738.7200000000003
Gell-Mann,4,9,614.4000000000002,1058.053333333333
und,5,3,83.49333333333335,102.47999999999999
George,6,6,394.4799999999999,652.8000000000002
Zweig,7,5,310.8533333333332,527.6533333333332
unabhängig,8,10,359.58666666666664,638.5866666666666
voneinander,9,11,333.50666666666666,558.6266666666664
auf,10,3,194.17333333333335,302.91999999999996
die,11,3,159.58666666666664,226.19999999999996
Idee,12,4,102.62666666666668,147.14666666666665
dass,13,4,259.2133333333333,451.0533333333335
Hadronen,14,8,279.1466666666667,651.1200000000002
aus,15,3,233.98666666666668,389.9999999999999
wenigen,16,7,249.86666666666676,618.5333333333334
elementareren,17,13,537.9599999999999,1343.2800000000004
Teilchen,18,8,244.2133333333334,540.2533333333334
zusammengesetzt,19,15,391.4933333333332,753.4800000000001
sein,20,4,216.88000000000005,377.15999999999997
sollten,21,7,270.3466666666667,466.73333333333323
Diese,1,5,372.09333333333336,618.5466666666666
Idee,2,4,166.7733333333334,350.63999999999993
wurde,3,5,184.45333333333332,445.2000000000001
unterstützt,4,11,286.4800000000001,658.96
durch,5,5,203.84000000000003,427.9066666666667
das,6,3,159.94666666666666,270.87999999999994
anomale,7,7,382.76,1216.3199999999997
magnetische,8,11,387.9066666666667,1290.6266666666663
Moment,9,6,253.8399999999999,607.1733333333336
des,10,3,195.98666666666668,324.8533333333333
Neutrons,11,8,349.72000000000014,955.72
das,12,3,208.1333333333333,396.50666666666683
als,13,3,287.0800000000001,587.1866666666665
neutrales,14,9,385.6533333333333,889.3466666666671
Teilchen,15,8,248.05333333333328,427.6533333333333
eigentlich,16,10,378.8666666666667,617.7466666666668
kein,17,4,193.93333333333342,375.2933333333333
magnetisches,18,12,279.82666666666665,603.64
Moment,19,6,253.7066666666667,464.8666666666665
haben,20,5,239.46666666666653,399.3066666666667
sollte,21,6,190.21333333333325,323.12
außer,22,5,227.06666666666666,420.5466666666666
wenn,23,4,188.74666666666673,330.93333333333334
es,24,2,144.88000000000002,201.57333333333335
aus,25,3,202.46666666666664,324.49333333333334
geladenen,26,9,321.82666666666677,645.9733333333331
Teilchen,27,8,208.93333333333337,356.1200000000001
zusammengesetzt,28,15,408.54666666666685,739.9733333333332
ist,29,3,206.6266666666667,328.22666666666663
deren,30,5,339.0666666666667,543.7733333333332
Ladungen,31,8,154.02666666666667,419.4533333333333
sich,32,4,219.67999999999986,408.8933333333332
zu,33,2,149.06666666666675,220.76000000000008
0,34,4,166.68,263.32000000000005
kompensieren,35,12,394.68,811.9733333333331
Außerdem,1,8,332.6400000000002,682.0666666666668
wurde,2,5,244.1466666666666,572.6133333333336
bei,3,3,211.13333333333324,371.72
der,4,3,183.16,380.37333333333356
Streuung,5,8,281.68000000000006,713.1333333333336
von,6,3,148.94666666666663,273.7600000000001
hochenergetischen,7,17,698.12,1927.0533333333333
Elektronen,8,10,461.7200000000001,1166.2400000000007
und,9,3,187.50666666666666,348.4933333333332
Protonen,10,8,434.44,1307.2933333333335
an,11,2,225.01333333333324,710.9466666666668
Protonen,12,8,260.4133333333333,1090.8266666666664
und,13,3,200.1066666666667,455.34666666666675
Neutronen,14,9,250.62666666666667,786.2
gefunden,15,8,350.5333333333333,763.6666666666666
dass,16,4,243.25333333333333,465.2133333333334
beide,17,5,244.1866666666666,527.8800000000001
Nukleonen,18,9,366.64000000000004,881.1466666666668
viele,19,5,258.75999999999993,588.0533333333334
Anregungszustände,20,17,630.7600000000002,1316.506666666667
haben,21,5,269.50666666666666,483.3333333333335
Sie,1,3,178.9733333333333,286.62666666666655
können,2,6,209.45333333333335,316.12
deshalb,3,7,291.44,468.45333333333315
keine,4,5,156.29333333333332,416.08
elementaren,5,11,313.7200000000001,765.0666666666666
Teilchen,6,8,265.52,467.6000000000001
sein,7,4,199.58666666666664,310.94666666666666
sondern,8,7,228.73333333333338,354.50666666666655
müssen,9,6,197.24000000000007,309.28
aus,10,3,147.90666666666664,230.28
wirklich,11,8,257.8666666666667,651.6933333333329
elementaren,12,11,352.49333333333334,796.3199999999996
Teilchen,13,8,256.59999999999985,469.15999999999997
bestehen,14,8,255.03999999999994,434.68000000000006
Das,1,3,237.41333333333336,379.33333333333337
Ziel,2,4,186.4,400.11999999999995
der,3,3,177.68,302.38666666666666
holografischen,4,14,467.38666666666666,1059.7866666666669
Interferometrie,5,15,925.9066666666668,1838.8266666666673
ist,6,3,187.7733333333333,297.85333333333324
es,7,2,164.74666666666667,252.0666666666667
Veränderungen,8,13,384.94666666666666,910.0933333333332
an,9,2,187.2533333333333,317.82666666666665
Objekten,10,8,271.9599999999999,668.3333333333334
durch,11,5,243.18666666666667,544.6800000000001
Belastungen,12,11,467.41333333333336,1071.7866666666664
thermische,13,10,462.0266666666667,820.8666666666668
Ausdehnung,14,10,524.7866666666666,984.3333333333335
Schwingungen,15,12,353.4666666666668,836.6799999999997
usw.,16,4,205.06666666666666,393.4133333333334
qualitativ,17,10,444.8266666666666,856.9333333333335
und,18,3,73.96000000000001,107.80000000000001
quantitativ,19,11,392.0266666666666,780.8000000000001
zu,20,2,55.49333333333333,74.41333333333333
erfassen,21,8,357.84000000000003,611.8533333333336
Beim,1,4,188.08,383.36
Echtzeitverfahren,2,17,684.4533333333333,1513.133333333333
der,3,3,186.3733333333334,278.48
holografischen,4,14,520.6799999999998,955.9866666666665
Interferometrie,5,15,808.3199999999997,1359.0266666666666
wird,6,4,240.3333333333333,440.7466666666666
von,7,3,231.44000000000003,344.1599999999999
einem,8,5,233.66666666666677,494.8533333333333
Objekt,9,6,186.07999999999998,352.34666666666664
in,10,2,193.92,305.85333333333335
Ruhe,11,4,210.02666666666667,394.9333333333332
ein,12,3,225.96,406.6800000000001
Hologramm,13,9,267.28000000000003,646.4666666666667
aufgenommen,14,11,399.53333333333336,780.24
Die,1,3,163.37333333333325,254.66666666666666
Hologrammplatte,2,15,700.6,1379.5066666666664
wird,3,4,244.98666666666676,409.08000000000004
dann,4,4,240.7733333333333,414.22666666666674
ohne,5,4,200.38666666666666,316.66666666666663
sie,6,3,271.8266666666667,451.01333333333343
zu,7,2,148.66666666666663,267.8266666666667
bewegen,8,7,126.17333333333333,366.13333333333327
am,9,2,207.98666666666674,379.5866666666666
festen,10,6,224.51999999999998,488.12
Ort,11,3,169.19999999999996,267.8799999999999
der,12,3,202.6933333333334,333.62666666666667
Aufnahme,13,8,209.79999999999998,553.2000000000003
entwickelt,14,10,399.58666666666676,816.6533333333334
und,15,3,125.56,179.3333333333334
mit,16,3,240.34666666666664,383.7999999999999
der,17,3,173.61333333333334,305.0133333333332
Referenzwelle,18,13,655.9999999999999,1366.5466666666666
beleuchtet,19,10,414.30666666666656,852.1200000000002
sodass,20,6,290.29333333333335,523.88
ein,21,3,142.5866666666667,225.44000000000003
Hologrammbild,22,13,605.6400000000002,1078.9199999999998
erzeugt,23,7,316.60000000000014,665.7733333333334
wird,24,4,208.06666666666666,343.32
Nimmt,1,5,268.64000000000004,584.1733333333332
man,2,3,228.20000000000005,514.4666666666666
am,3,2,218.3333333333334,420.8
Objekt,4,6,210.2,451.6266666666667
nur,5,3,210.42666666666668,352.37333333333345
sehr,6,4,252.08000000000004,487.5199999999998
kleine,7,6,235.18666666666658,508.3999999999999
Änderungen,8,10,233.27999999999994,519.8933333333333
vor,9,3,194.28000000000003,314.38666666666666
und,10,3,187.56000000000003,338.6133333333333
beleuchtet,11,10,352.73333333333323,760.4133333333333
es,12,2,136.73333333333332,199.9733333333333
am,13,2,223.2533333333333,395.17333333333335
gleichen,14,8,199.2266666666666,383.8133333333334
Ort,15,3,215.57333333333327,369.8399999999999
wieder,16,6,278.53333333333336,695.3333333333336
genau,17,5,211.98666666666676,551.1333333333333
wie,18,3,213.03999999999996,375.8933333333335
bei,19,3,194.20000000000005,370.3733333333334
der,20,3,159.29333333333327,266.32
ersten,21,6,228.52000000000004,442.29333333333324
Aufnahme,22,8,221.45333333333326,406.21333333333337
so,23,2,135.8,199.70666666666668
werden,24,6,204.51999999999998,404.94666666666666
sich,25,4,202.82666666666665,344.7599999999999
diese,26,5,237.36000000000004,478.9333333333332
Änderungen,27,10,202.01333333333338,456.4533333333334
in,28,2,98.7333333333333,163.85333333333332
Phasenverschiebungen,29,20,694.0799999999997,1554.4000000000003
der,30,3,183.60000000000002,323.64000000000004
Signalwelle,31,11,566.0000000000002,1295.0133333333338
äußern,32,6,281.7466666666667,756.4399999999997
Die,1,3,219.37333333333333,488.1333333333333
Überlagerung,2,12,406.5866666666666,1252.3733333333334
dieser,3,6,296.82666666666665,808.8533333333331
Signalwelle,4,11,358.5066666666666,981.5999999999999
vom,5,3,206.93333333333337,460.3333333333333
veränderten,6,11,387.9333333333334,1208.3066666666664
Objekt,7,6,189.7733333333333,519.1599999999999
mit,8,3,184.10666666666674,351.4933333333333
der,9,3,199.1333333333333,351.7733333333333
Rekonstruktionswelle,10,20,849.8133333333337,2139.4666666666662
vom,11,3,163.95999999999998,327.0266666666667
Hologramm,12,9,385.44000000000005,819.4666666666665
des,13,3,193.06666666666663,426.6
unveränderten,14,13,285.6266666666666,863.8666666666666
Objektes,15,8,265.73333333333335,519.0533333333335
führt,16,5,250.96,513.7333333333333
zu,17,2,113.47999999999999,148.43999999999997
Interferenzstrukturen,18,21,828.2133333333333,1927.2800000000002
im,19,2,131.37333333333333,206.04000000000005
holografischen,20,14,462.3466666666667,1215.0266666666669
Bild,21,4,228.13333333333333,378.4
die,22,3,204.42666666666668,300.36
nur,23,3,261.6,489.6000000000001
für,24,3,163.12,268.6933333333333
diejenigen,25,10,482.19999999999993,897.3066666666667
Teile,26,5,198.57333333333338,430.73333333333323
des,27,3,181.76000000000008,258.2266666666667
Objektes,28,8,200.82666666666665,425.0133333333333
auftreten,29,9,329.68,610.6933333333335
die,30,3,181.48,258.8
sich,31,4,173.7333333333333,284.3066666666666
verändert,32,9,290.0933333333334,553.0000000000001
haben,33,5,210.3333333333334,322.3866666666667
Auf,1,3,163.8266666666667,229.44
diese,2,5,262.33333333333337,496.0400000000001
Weise,3,5,142.48,221.5866666666667
kann,4,4,206.1866666666666,327.12000000000006
man,5,3,148.93333333333334,237.82666666666663
Gestaltsänderungen,6,18,857.0933333333331,1649.1733333333332
feststellen,7,11,412.96000000000015,728.5333333333338
die,8,3,182.31999999999996,301.61333333333323
wesentlich,9,10,238.82666666666668,505.0533333333333
kleiner,10,7,238.7866666666667,487.2799999999997
als,11,3,159.64000000000001,283.33333333333337
eine,12,4,201.2533333333334,429.65333333333325
Wellenlänge,13,11,264.4533333333334,603.9866666666665
des,14,3,133.64000000000001,234.32000000000008
beleuchtenden,15,13,373.62666666666667,1017.8266666666665
Lichtes,16,7,270.29333333333346,608.6133333333333
sind,17,4,223.76000000000002,310.6133333333334
Durch,1,5,268.2533333333333,757.9199999999996
Einführen,2,9,324.9066666666667,1134.0400000000002
der,3,3,227.6133333333332,595.2666666666667
effektiven,4,10,368.5999999999999,1406.853333333334
Masse,5,5,245.5733333333333,682.2266666666666
können,6,6,266.11999999999995,855.4266666666665
Elektronen,7,10,338.6533333333333,1016.6533333333338
im,8,2,175.14666666666673,337.4933333333333
Leitungsband,9,12,662.4133333333333,1966.92
und,10,3,180.33333333333326,477.59999999999974
Löcher,11,6,322.3733333333334,1072.093333333333
im,12,2,163.89333333333335,335.6666666666667
Valenzband,13,10,475.4533333333332,1557.3200000000002
eines,14,5,261.05333333333334,656.8000000000002
Kristalles,15,10,445.91999999999996,1174.5066666666667
wie,16,3,219.57333333333332,608.0933333333332
freie,17,5,230.22666666666666,671.4266666666667
Teilchen,18,8,235.13333333333333,603.9066666666665
aufgefasst,19,10,377.82666666666665,956.0800000000003
werden,20,6,253.1333333333334,584.3066666666667
und,21,3,104.62666666666667,152.93333333333334
bewegen,22,7,308.46666666666675,662.3066666666665
sich,23,4,197.28,393.73333333333335
am,24,2,178.38666666666666,343.49333333333334
Energieminimum,25,14,742.9599999999999,2129.6133333333332
im,26,2,203.46666666666655,371.90666666666675
Leitungsband,27,12,511.63999999999993,1794.053333333333
und,28,3,240.70666666666665,454.1999999999999
am,29,2,124.21333333333334,211.3466666666666
Energiemaximum,30,14,606.7866666666667,1416.2133333333338
im,31,2,192.72000000000006,375.5999999999999
Valenzband,32,10,374.7466666666667,1284.36
auf,33,3,232.78666666666675,555.76
Parabeln,34,8,486.5866666666667,1330.76
Da,1,2,239.22666666666672,501.7066666666667
die,2,3,300.14666666666676,714.4666666666667
effektive,3,9,315.40000000000003,1449.2133333333336
Masse,4,5,226.73333333333332,828.9066666666665
im,5,2,161.4,446.3599999999999
oberen,6,6,323.09333333333336,1073.5866666666668
Teil,7,4,183.05333333333334,457.4800000000002
des,8,3,198.42666666666665,401.88
Valenzbandes,9,12,446.0666666666667,1882.2133333333336
negativ,10,7,388.4000000000001,1198.706666666667
ist,11,3,196.4133333333333,467.82666666666654
wird,12,4,258.9066666666667,604.8400000000003
die,13,3,164.77333333333334,388.65333333333325
Energieparabel,14,14,399.30666666666656,2043.226666666666
der,15,3,257.97333333333336,693.1066666666667
Löcher,16,6,216.28000000000006,657.1733333333335
nach,17,4,246.50666666666663,687.7733333333333
unten,18,5,208.0000000000001,648.1466666666666
gekrümmt,19,8,410.91999999999996,1058.2266666666667
Daraus,1,6,328.8933333333334,864.8000000000003
ergeben,2,7,257.61333333333334,652.9066666666668
sich,3,4,177.30666666666673,280.4666666666666
zwischen,4,8,260.03999999999996,593.6666666666665
den,5,3,183.6533333333334,280.2666666666667
Parabeln,6,8,293.24000000000007,678.1333333333334
die,7,3,295.21333333333325,504.32000000000005
so,8,2,97.82666666666665,150.10666666666665
genannten,9,9,334.86666666666656,667.8133333333333
Standardbänder,10,14,711.1866666666667,1916.0933333333335
Bei,1,3,311.9466666666665,750.9866666666662
der,2,3,188.43999999999997,480.6
Absorption,3,10,376.9333333333333,1175.5066666666662
eines,4,5,292.10666666666674,753.6533333333331
Photons,5,7,275.52000000000004,769.2133333333334
kann,6,4,248.29333333333335,596.64
ein,7,3,229.78666666666675,504.2666666666666
Elektron,8,8,262.77333333333337,655.9466666666666
aus,9,3,203.06666666666672,382.9199999999999
dem,10,3,238.30666666666664,451.58666666666664
Valenzband,11,10,336.86666666666684,839.1866666666666
in,12,2,200.23999999999995,327.72000000000014
das,13,3,146.16,238.05333333333328
Leitungsband,14,12,557.1199999999999,1243.6666666666667
angeregt,15,8,396.46666666666664,948.7733333333332
werden,16,6,223.9866666666667,527.5466666666665
Weil,1,4,276.69333333333316,751.1066666666666
der,2,3,198.75999999999996,461.47999999999985
Wellenvektor,3,12,575.8933333333333,1819.106666666667
des,4,3,255.37333333333333,537.04
Photons,5,7,234.82666666666668,849.4666666666666
sehr,6,4,282.93333333333334,579.7066666666668
klein,7,5,223.0666666666667,539.36
ist,8,3,193.58666666666664,368.48
wird,9,4,243.62666666666678,507.04
die,10,3,188.61333333333337,312.91999999999996
Wahrscheinlichkeit,11,18,518.8133333333335,1114.8133333333335
für,12,3,173.40000000000003,255.30666666666673
einen,13,5,253.11999999999995,514.9866666666666
solchen,14,7,160.10666666666663,484.26666666666677
Übergang,15,8,231.43999999999997,537.8666666666668
viel,16,4,222.7066666666667,459.0933333333335
größer,17,6,231.93333333333337,538.5600000000001
wenn,18,4,241.10666666666665,503.4533333333335
der,19,3,186.97333333333336,368.61333333333334
Wellenvektor,20,12,428.9200000000001,1161.013333333333
des,21,3,185.86666666666662,327.9866666666667
Elektrons,22,9,306.72,835.0133333333332
dabei,23,5,253.17333333333332,571.9333333333332
erhalten,24,8,312.5999999999999,787.1733333333328
bleibt,25,6,236.60000000000002,589.9866666666669
als,26,3,209.7733333333333,420.56000000000006
wenn,27,4,278.61333333333323,813.3466666666666
wegen,28,5,177.30666666666667,409.20000000000005
der,29,3,217.2933333333333,418.0533333333334
Impulserhaltung,30,15,336.72,1376.706666666666
beim,31,4,238.98666666666665,558.5466666666667
Übergang,32,8,217.0533333333334,510.9466666666669
zusätzlich,33,10,291.5866666666667,677.2266666666666
ein,34,3,199.32,348.68
Phonon,35,6,267.3466666666667,929.9866666666668
angeregt,36,8,332.7866666666667,926.2800000000001
werden,37,6,265.5466666666666,470.80000000000007
muss,38,4,208.24000000000004,370.9866666666667
Liegt,1,5,286.0,743.5733333333335
das,2,3,223.1466666666667,498.67999999999995
Minimum,3,7,263.28,822.1600000000002
der,4,3,195.45333333333335,401.46666666666675
Elektronenparabel,5,17,918.9200000000002,2174.12
im,6,2,189.33333333333331,417.1599999999999
Valenzband,7,10,325.46666666666675,1086.2666666666664
senkrecht,8,9,369.2,1022.5200000000002
über,9,4,268.94666666666666,668.0266666666666
dem,10,3,191.74666666666664,364.68
Maximum,11,7,233.68,658.8000000000001
der,12,3,161.74666666666667,298.50666666666666
Löcherparabel,13,13,538.2533333333334,1625.6400000000003
so,14,2,136.06666666666666,198.54666666666668
sind,15,4,254.8266666666667,574.3866666666667
senkrechte,16,10,386.34666666666664,856.5066666666668
Übergänge,17,9,352.4000000000001,671.6666666666666
bereits,18,7,316.8666666666668,698.5733333333332
ab,19,2,179.58666666666667,437.0266666666667
Photonenenergien,20,16,495.3200000000001,2033.2266666666667
in,21,2,163.95999999999998,235.24000000000004
der,22,3,205.61333333333332,366.6266666666668
Größe,23,5,163.6133333333333,321.2133333333331
der,24,3,155.50666666666663,285.06666666666666
Bandlücke,25,9,363.0666666666666,861.08
möglich,26,7,302.1466666666667,605.6266666666668
Sind,1,4,212.98666666666665,459.19999999999993
die,2,3,217.26666666666674,471.31999999999994
Extrema,3,7,321.4133333333333,876.1466666666665
gegeneinander,4,13,395.2400000000001,1060.1200000000003
verschoben,5,10,356.3333333333333,833.9999999999998
so,6,2,185.10666666666665,316.35999999999996
sind,7,4,240.22666666666655,471.0533333333334
direkte,8,7,202.22666666666657,719.1066666666665
Übergänge,9,9,235.33333333333334,645.9733333333335
nur,10,3,214.1466666666667,426.17333333333323
bei,11,3,159.76,310.59999999999997
höheren,12,7,238.94666666666672,553.1733333333333
Photonenenergien,13,16,648.6666666666667,1526.4666666666667
möglich,14,7,234.88000000000002,614.1466666666669
und,15,3,88.62666666666665,132.42666666666665
indirekte,16,9,415.88,1034.08
Übergänge,17,9,305.8,864.5866666666664
mit,18,3,169.45333333333338,320.68000000000006
wesentlich,19,10,299.5466666666668,753.5199999999998
kleinerer,20,9,335.8533333333334,818.1599999999997
Absorptionswahrscheinlichkeit,21,29,457.9466666666664,1796.4933333333336
sind,22,4,249.49333333333334,466.64000000000004
die,23,3,158.1866666666667,299.1066666666666
einzige,24,7,216.44,527.0133333333332
Möglichkeit,25,11,238.16000000000003,538.1466666666668
für,26,3,136.13333333333335,226.89333333333326
Photonenabsorption,27,18,587.5066666666667,1586.8399999999995
